ID_Pemesanan,Tanggal_Pemesanan,Jadwal,Nama_Lapangan,Jenis_Lapangan,Harga,Lokasi_Lapangan,API_Lokasi_Google_Maps,Fasilitas_Lapangan,Status_Pembayaran
1123,1/10/2024,20:00:00,Lapangan_Generai_Baru,"Lapangan Futsal,Lapangan Badminton, Lapangan Basket",215000,Kota_Jakarta_Pusat,"<iframe src=""https://www.google.com/maps/embed?pb=!1m17!1m12!1m3!1d3966.869163664382!2d106.83338917498979!3d-6.1482684938387715!2m3!1f0!2f0!3f0!3m2!1i1024!2i768!4f13.1!3m2!1m1!2zNsKwMDgnNTMuOCJTIDEwNsKwNTAnMDkuNSJF!5e0!3m2!1sid!2sid!4v1716681345433!5m2!1sid!2sid"" width=""400"" height=""300"" style=""border:0;"" allowfullscreen="""" loading=""lazy"" referrerpolicy=""no-referrer-when-downgrade""></iframe>","Lapangan Futsal, Lapangan Basket, Cafe & Resto, Parkir Mobil, Parkir Motor, Jual Minuman, Jual Makanan Ringan, Ruang Ganti",
1124,2/10/2024,21:00:00,Hall_Bulu_Tangkis_Pasar_Jatirawasari_By_SR,"Lapangan Futsal,Lapangan Badminton, Lapangan Basket",30000,Kota_Jakarta_Pusat,"<iframe src=""https://www.google.com/maps/embed?pb=!1m18!1m12!1m3!1d286.9720773102931!2d106.86351875496864!3d-6.183431133837693!2m3!1f0!2f0!3f0!3m2!1i1024!2i768!4f13.1!3m3!1m2!1s0x2e69f5a36d673ff3%3A0x47c7585f60876278!2sHall%20Badminton%20Pasar%20Jatirawasari!5e1!3m2!1sen!2sid!4v1716682431272!5m2!1sen!2sid"" width=""400"" height=""300"" style=""border:0;"" allowfullscreen="""" loading=""lazy"" referrerpolicy=""no-referrer-when-downgrade""></iframe>","Lapangan Badminton, Jual Minuman, Jual Makanan Ringan, Musholla, Parkir Mobil, Parkir Motor, Toilet",
1125,3/10/2024,22:00:00,Mansion_Sports_Box_Sunter,"Lapangan Futsal,Lapangan Badminton, Lapangan Basket",70000,Kota_Jakarta_Utara,"<iframe src=""https://www.google.com/maps/embed?pb=!1m17!1m12!1m3!1d3408.375795216318!2d106.85768597569266!3d-6.145686671353952!2m3!1f0!2f0!3f0!3m2!1i1024!2i768!4f13.1!3m2!1m1!2zNsKwMDgnNDcuNSJTIDEwNsKwNTEnMzIuNiJF!5e1!3m2!1sen!2sid!4v1716683343619!5m2!1sen!2sid"" width=""400"" height=""300"" style=""border:0;"" allowfullscreen="""" loading=""lazy"" referrerpolicy=""no-referrer-when-downgrade""></iframe>","Lapangan Badminton, Jual Makanan Ringan, Hot Shower, Jual Minuman, Musholla, Parkir Mobil, Parkir Motor, Shower, Toilet, Toko Olahraga, Ruang Ganti, Cafe & Resto",
1126,4/10/2024,23:00:00,Alpha_Badminton_Court,"Lapangan Futsal,Lapangan Badminton, Lapangan Basket",50000,Kota_Jakarta_Barat,"<iframe src=""https://www.google.com/maps/embed?pb=!1m17!1m12!1m3!1d448.4537951499068!2d106.80674293376443!3d-6.137086683501307!2m3!1f0!2f0!3f0!3m2!1i1024!2i768!4f13.1!3m2!1m1!2zNsKwMDgnMTMuMiJTIDEwNsKwNDgnMjQuOCJF!5e0!3m2!1sen!2sid!4v1716684229777!5m2!1sen!2sid"" width=""400"" height=""300"" style=""border:0;"" allowfullscreen="""" loading=""lazy"" referrerpolicy=""no-referrer-when-downgrade""></iframe>","Lapangan Badminton, Jual Makanan Ringan, Jual Minuman, Parkir Mobil, Parkir Motor, Ruang Ganti, Toilet, Tribun Penonton",
1127,5/10/2024,0:00:00,Orion_Sports_Center,"Lapangan Futsal,Lapangan Badminton, Lapangan Basket",60000,Kota_Jakarta_Utara,"<iframe src=""https://www.google.com/maps/embed?pb=!1m18!1m12!1m3!1d286.9974504766819!2d106.79753933294232!3d-6.136495236822787!2m3!1f0!2f0!3f0!3m2!1i1024!2i768!4f13.1!3m3!1m2!1s0x2e69f6208618672d%3A0xead2734340f5e257!2sOrion%20Sports%20Center!5e1!3m2!1sen!2sid!4v1716684773813!5m2!1sen!2sid"" width=""400"" height=""300"" style=""border:0;"" allowfullscreen="""" loading=""lazy"" referrerpolicy=""no-referrer-when-downgrade""></iframe>","Lapangan Badminton, Lapangan Futsal, Lapangan Basket, Jual Minuman, Jual Makanan Ringan, Musholla, Parkir Mobil, Parkir Motor, Ruang Ganti, Shower, Toilet, Toko Olahraga, Tribun Penonton",
1128,6/10/2024,8:00:00,SportPackers_Legacy,"Lapangan Futsal,Lapangan Badminton, Lapangan Basket",250000,Kota_Jakarta_Barat,"<iframe src=""https://www.google.com/maps/embed?pb=!1m17!1m12!1m3!1d789.4953968305721!2d106.7761456738848!3d-6.17591997477012!2m3!1f0!2f0!3f0!3m2!1i1024!2i768!4f13.1!3m2!1m1!2zNsKwMTAnMzMuMyJTIDEwNsKwNDYnMzUuNCJF!5e1!3m2!1sen!2sid!4v1716686350595!5m2!1sen!2sid"" width=""400"" height=""300"" style=""border:0;"" allowfullscreen="""" loading=""lazy"" referrerpolicy=""no-referrer-when-downgrade""></iframe>","Lapangan Futsal, Lapangan Basket, Jual Minuman, Jual Makanan Ringan, Musholla, Parkir Mobil, Parkir Motor, Ruang Ganti, Shower, Toilet, Toko Olahraga",
1129,7/10/2024,9:00:00,Smash_50_Badminton_Hall,"Lapangan Futsal,Lapangan Badminton, Lapangan Basket",80000,Kota_Jakarta_Utara,"<iframe src=""https://www.google.com/maps/embed?pb=!1m18!1m12!1m3!1d286.9988811987167!2d106.79787229559379!3d-6.133837997098963!2m3!1f0!2f0!3f0!3m2!1i1024!2i768!4f13.1!3m3!1m2!1s0x2e6a1d027782034f%3A0xa64a8d8b9868a884!2sSmash%2050!5e1!3m2!1sen!2sid!4v1716774289092!5m2!1sen!2sid"" width=""400"" height=""300"" style=""border:0;"" allowfullscreen="""" loading=""lazy"" referrerpolicy=""no-referrer-when-downgrade""></iframe>","Lapangan Badminton, Jual Minuman Jual Minuman, Parkir Mobil, Parkir Motor, Ruang Ganti, Shower, Toilet, Jual Makanan Ringan, Tersedia Shuttlecock, Grip, Kaos Kaki dan Handuk",
1130,8/10/2024,10:00:00,Kick_Of_Futsal_And_Badminton,"Lapangan Futsal,Lapangan Badminton, Lapangan Basket",180000,Kota_Banda_Aceh,"<iframe src=""https://www.google.com/maps/place/Kick+Off+Futsal+and+Badminton+Sport+Centre/@5.5345487,95.315009,14.5z/data=!4m6!3m5!1s0x304039ff5df41f67:0x73b6ce77e31c0de2!8m2!3d5.5338814!4d95.3105814!16s%2Fg%2F11b_2jqp3r?entry=ttu""></iframe>","Lapangan Futsal, Lapangan Badminton, Parkir mobil,Parkir motor, Ruang Ganti, Toilet, Musholla",
1131,9/10/2024,11:00:00,Zero_futsal_&_Badminton,"Lapangan Futsal,Lapangan Badminton, Lapangan Basket",200000,Kota_Banda_Aceh,"<iframe src=""https://www.google.com/maps/place/Zero+Futsal+%26+Badminton/@5.5260357,95.3282287,17z/data=!3m1!4b1!4m6!3m5!1s0x30403916bbcedaf9:0xaa60d964f904d218!8m2!3d5.5260357!4d95.3308036!16s%2Fg%2F11k5dg4s_m?entry=ttu""></iframe>","Lapangan Futsal, Lapangan Badminton, Parkir mobil,Parkir motor, Ruang Ganti, Toilet",
1132,10/10/2024,12:00:00,Asaba_Green_Arena,"Lapangan Futsal,Lapangan Badminton, Lapangan Basket",450000,Kota_Jakarta_Barat,"<iframe src=""https://www.google.com/maps/embed?pb=!1m17!1m12!1m3!1d972.0351202764571!2d106.782847537396!3d-6.147404797241387!2m3!1f0!2f0!3f0!3m2!1i1024!2i768!4f13.1!3m2!1m1!2zNsKwMDgnNTAuNiJTIDEwNsKwNDYnNTguNiJF!5e1!3m2!1sen!2sid!4v1716774809768!5m2!1sen!2sid"" width=""400"" height=""300"" style=""border:0;"" allowfullscreen="""" loading=""lazy"" referrerpolicy=""no-referrer-when-downgrade""></iframe>","Lapangan Basket, Lapangan Futsal, Jual Minuman, Parkir Mobil, Parkir Motor, Toilet, Shower, Wi-fi, Ruang Ganti, Tribun Penonton, Cafe & Resto",
1133,11/10/2024,13:00:00,Champion_Futsal,"Lapangan Futsal,Lapangan Badminton, Lapangan Basket",175000,Kota_Jakarta_Barat,"<iframe src=""https://www.google.com/maps/embed?pb=!1m18!1m12!1m3!1d472.6753870548725!2d106.7828016291175!3d-6.205613462720328!2m3!1f0!2f0!3f0!3m2!1i1024!2i768!4f13.1!3m3!1m2!1s0x2e69f6c4d65467f3%3A0xf1f660ed48a67527!2sChampion%20Futsal!5e1!3m2!1sen!2sid!4v1716775301462!5m2!1sen!2sid"" width=""400"" height=""300"" style=""border:0;"" allowfullscreen="""" loading=""lazy"" referrerpolicy=""no-referrer-when-downgrade""></iframe>","Lapangan Futsal, Jual Minuman, Parkir Mobil, Parkir Motor, Ruang Ganti, Toilet, Wi-fi, Musholla",
1134,12/10/2024,14:00:00,Samrucci_Hall_Badminton,"Lapangan Futsal,Lapangan Badminton, Lapangan Basket",60000,Kota_Jakarta_Selatan,"<iframe src=""https://www.google.com/maps/embed?pb=!1m18!1m12!1m3!1d736.5763239921829!2d106.786275297034!3d-6.2109925426273085!2m3!1f0!2f0!3f0!3m2!1i1024!2i768!4f13.1!3m3!1m2!1s0x2e69f77e7841aec9%3A0x6a3baa3c9f3a8bf9!2sHall%20Badminton%20Samrucci!5e1!3m2!1sen!2sid!4v1716775673528!5m2!1sen!2sid"" width=""400"" height=""300"" style=""border:0;"" allowfullscreen="""" loading=""lazy"" referrerpolicy=""no-referrer-when-downgrade""></iframe>","Lapangan Badminton, Jual Makanan Ringan, Jual Minuman, Musholla, Parkir Motor, Toilet, Wi-fi",
1135,13-10-2024,15:00:00,Mansion_Sports_Box_Pluit,"Lapangan Futsal,Lapangan Badminton, Lapangan Basket",70000,Kota_Jakarta_Utara,"<iframe src=""https://www.google.com/maps/embed?pb=!1m18!1m12!1m3!1d287.0025071477094!2d106.79824958808531!3d-6.127098482719783!2m3!1f0!2f0!3f0!3m2!1i1024!2i768!4f13.1!3m3!1m2!1s0x2e6a1d385e730723%3A0x33fa685558b976bf!2sMANSION%20SPORTS%20BOX%20Pluit!5e1!3m2!1sen!2sid!4v1716776162607!5m2!1sen!2sid"" width=""400"" height=""300"" style=""border:0;"" allowfullscreen="""" loading=""lazy"" referrerpolicy=""no-referrer-when-downgrade""></iframe>","Lapangan Baminton, Lapangan Basket, Lapangan Futsal, Jual Minuman, Jual Makanan Ringan, Musholla, Parkir Mobil, Parkir Motor, Ruang Ganti, Shower, Toilet, Toko Olahraga, Tribun Penonton, Cafe & Resto, Hot Shower",
1136,14-10-2024,16:00:00,GOR_Badminton_Dr._Anden,"Lapangan Futsal,Lapangan Badminton, Lapangan Basket",40000,Kabupaten_Tangerang,"<iframe src=""https://www.google.com/maps/embed?pb=!1m17!1m12!1m3!1d3966.4023733594463!2d106.38073157499024!3d-6.210542893777355!2m3!1f0!2f0!3f0!3m2!1i1024!2i768!4f13.1!3m2!1m1!2zNsKwMTInMzguMCJTIDEwNsKwMjInNTkuOSJF!5e0!3m2!1sid!2sid!4v1717252062603!5m2!1sid!2sid"" width=""600"" height=""450"" style=""border:0;"" allowfullscreen="""" loading=""lazy"" referrerpolicy=""no-referrer-when-downgrade""></iframe>","Lapangan Badminton, Cafe & Resto, Jual Makanan, Jual Minuman, Musholla, Parkir Mobil, Parkir Motor, Ruang Ganti, Toilet, Wi-fi",
1137,15-10-2024,17:00:00,Metro_Sport_Center_-_Badminton,"Lapangan Futsal,Lapangan Badminton, Lapangan Basket",50000,Kota_Jakarta_Utara,"<iframe src=""https://www.google.com/maps/embed?pb=!1m17!1m12!1m3!1d1413.342018192135!2d106.87317534762461!3d-6.136301968505214!2m3!1f0!2f0!3f0!3m2!1i1024!2i768!4f13.1!3m2!1m1!2zNsKwMDgnMTMuNCJTIDEwNsKwNTInMjMuMCJF!5e1!3m2!1sen!2sid!4v1716778352965!5m2!1sen!2sid"" width=""400"" height=""300"" style=""border:0;"" allowfullscreen="""" loading=""lazy"" referrerpolicy=""no-referrer-when-downgrade""></iframe>","Lapangan Badminton, Jual Minuman, Parkir Mobil, Parkir Motor, Ruang Ganti, Shower, Toilet, Toko Olahraga, Tribun Penonton, Musholla, Jual Makanan Ringan, Cafe & Resto",
1138,16-10-2024,18:00:00,Olympic_Badminton_Hall,"Lapangan Futsal,Lapangan Badminton, Lapangan Basket",85000,Kota_Jakarta_Utara,"<iframe src=""https://www.google.com/maps/embed?pb=!1m18!1m12!1m3!1d1056.3269752373112!2d106.88802871819247!3d-6.156048183296596!2m3!1f0!2f0!3f0!3m2!1i1024!2i768!4f13.1!3m3!1m2!1s0x2e69f538c5edd0e9%3A0xa6107bdbb72bb611!2sOlympic%20Badminton%20Hall!5e1!3m2!1sen!2sid!4v1716779404432!5m2!1sen!2sid"" width=""400"" height=""300"" style=""border:0;"" allowfullscreen="""" loading=""lazy"" referrerpolicy=""no-referrer-when-downgrade""></iframe>","Lapangan Badminton, Cafe & Resto, Jual Makanan Ringan, Jual Minuman, Musholla, Parkir Mobil, Parkir Motor, Ruang Ganti, Shower, Toilet, Toko Olahraga, Tribun Penonton, Wi-fi",
1139,17-10-2024,20:00:00,Vivo_Futsal_Kapuk,"Lapangan Futsal,Lapangan Badminton, Lapangan Basket",110000,Kota_Jakarta_Utara,"<iframe src=""https://www.google.com/maps/embed?pb=!1m17!1m12!1m3!1d985.6282834018473!2d106.7750821946715!3d-6.1343988592013385!2m3!1f0!2f0!3f0!3m2!1i1024!2i768!4f13.1!3m2!1m1!2zNsKwMDgnMDQuNCJTIDEwNsKwNDYnMzEuNyJF!5e1!3m2!1sen!2sid!4v1716779754050!5m2!1sen!2sid"" width=""400"" height=""300"" style=""border:0;"" allowfullscreen="""" loading=""lazy"" referrerpolicy=""no-referrer-when-downgrade""></iframe>","Lapangan Futsal, Parkir Mobil, Parkir Motor, Toilet, Jual Minuman, Ruang Ganti",
1140,18-10-2024,21:00:00,The_Saintuary_Sports_Hub,"Lapangan Futsal,Lapangan Badminton, Lapangan Basket",190000,Kota_Jakarta_Selatan,"<iframe src=""https://www.google.com/maps/embed?pb=!1m18!1m12!1m3!1d378.6207684274563!2d106.83535224007298!3d-6.240585772302584!2m3!1f0!2f0!3f0!3m2!1i1024!2i768!4f13.1!3m3!1m2!1s0x2e69f3f92e8af2fd%3A0x9ea5bbcb5eca80a9!2sThe%20Saintuary%20Sports%20Hub!5e1!3m2!1sen!2sid!4v1716780021884!5m2!1sen!2sid"" width=""400"" height=""300"" style=""border:0;"" allowfullscreen="""" loading=""lazy"" referrerpolicy=""no-referrer-when-downgrade""></iframe>","Lapangan Basket, Lapangan Badminton, Lapangan Futsal, Jual Makanan Ringan, Jual Minuman, Parkir Motor, Parkir Mobil, Musholla, Ruang Ganti, Shower, Toilet, Tribun Penonton, Wi-fi, Toko Olahraga",
1141,19-10-2024,22:00:00,Lindung_Badminton_Arena,"Lapangan Futsal,Lapangan Badminton, Lapangan Basket",40000,Kota_Jakarta_Utara,"<iframe src=""https://www.google.com/maps/embed?pb=!1m18!1m12!1m3!1d286.99976761072105!2d106.77729807758122!3d-6.132191113581258!2m3!1f0!2f0!3f0!3m2!1i1024!2i768!4f13.1!3m3!1m2!1s0x2e6a1dc3b4835a57%3A0x245eebaa48a2411!2sGOR%20Bulutangkis%20Lindung!5e1!3m2!1sen!2sid!4v1716781189641!5m2!1sen!2sid"" width=""400"" height=""300"" style=""border:0;"" allowfullscreen="""" loading=""lazy"" referrerpolicy=""no-referrer-when-downgrade""></iframe>","Lapangan Badminton, Cafe & Resto, Jual Makanan Ringan, Jual Minuman, Parkir Mobil, Parkir Motor, Ruang Ganti, Shower, Toilet, Wi-fi, Tribun Penonton, Toko Olahraga, Lounge",
1142,20-10-2024,23:00:00,Pandawa_Badminton_Arena,"Lapangan Futsal,Lapangan Badminton, Lapangan Basket",65000,Kota_Jakarta_Utara,"<iframe src=""https://www.google.com/maps/embed?pb=!1m18!1m12!1m3!1d991.6722108704207!2d106.89389210085865!3d-6.172431992476533!2m3!1f0!2f0!3f0!3m2!1i1024!2i768!4f13.1!3m3!1m2!1s0x2e69f54afe7bd131%3A0x20c334108a8cc91a!2sPandawa%20Badminton%20Arena!5e0!3m2!1sen!2sid!4v1716863668173!5m2!1sen!2sid"" width=""400"" height=""300"" style=""border:0;"" allowfullscreen="""" loading=""lazy"" referrerpolicy=""no-referrer-when-downgrade""></iframe>","Lapangan Badminton, Cafe & Resto, Jual Makanan Ringan, Jual Minuman, Parkir Mobil, Parkir Motor, Ruang Ganti, Toilet, Toko Olahraga, Wi-fi, Shower, Ruang Tunggu berAC",
1143,21-10-2024,0:00:00,Hall_Badminton_Pasar_Cipinang_Kebembem,"Lapangan Futsal,Lapangan Badminton, Lapangan Basket",80000,Kota_Jakarta_Timur,"<iframe src=""https://www.google.com/maps/embed?pb=!1m17!1m12!1m3!1d2155.2083594165024!2d106.88639693250909!3d-6.21194483021296!2m3!1f0!2f0!3f0!3m2!1i1024!2i768!4f13.1!3m2!1m1!2zNsKwMTInNDIuNSJTIDEwNsKwNTMnMTIuOSJF!5e0!3m2!1sen!2sid!4v1716864051321!5m2!1sen!2sid"" width=""400"" height=""300"" style=""border:0;"" allowfullscreen="""" loading=""lazy"" referrerpolicy=""no-referrer-when-downgrade""></iframe>","Lapangan Badminton, Toilet, Musholla, Wi-fi, Jual Makanan Ringan, Jual Minuman",
1144,22-10-2024,8:00:00,Magna_Sports_Hall,"Lapangan Futsal,Lapangan Badminton, Lapangan Basket",85000,Kota_Jakarta_Utara,"<iframe src=""https://www.google.com/maps/embed?pb=!1m18!1m12!1m3!1d682.0768028428369!2d106.89148860291722!3d-6.146244698163642!2m3!1f0!2f0!3f0!3m2!1i1024!2i768!4f13.1!3m3!1m2!1s0x2e69f543a790f9c5%3A0x1654c403d98ed0ce!2sMagna%20Badminton%20Hall!5e0!3m2!1sen!2sid!4v1716864648577!5m2!1sen!2sid"" width=""400"" height=""300"" style=""border:0;"" allowfullscreen="""" loading=""lazy"" referrerpolicy=""no-referrer-when-downgrade""></iframe>","Lapangan Badminton, Cafe & Resto, Jual Makanan Ringan, Jual Minuman, Parkir Mobil, Parkir Motor, Ruang Ganti, Shower, Toilet, Toko Olahraga",
1145,23-10-2024,9:00:00,Roar_Performance_Center,"Lapangan Futsal,Lapangan Badminton, Lapangan Basket",1000000,Kota_Jakarta_Selatan,"<iframe src=""https://www.google.com/maps/embed?pb=!1m17!1m12!1m3!1d629.6949094322885!2d106.81485565567168!3d-6.249305253314939!2m3!1f0!2f0!3f0!3m2!1i1024!2i768!4f13.1!3m2!1m1!2zNsKwMTQnNTcuOCJTIDEwNsKwNDgnNTQuOCJF!5e0!3m2!1sen!2sid!4v1716865851131!5m2!1sen!2sid"" width=""400"" height=""300"" style=""border:0;"" allowfullscreen="""" loading=""lazy"" referrerpolicy=""no-referrer-when-downgrade""></iframe>","Lapangan Basket, Jual Minuman, Parkir Mobil, Parkir Motor, Toilet, Shower, Ruang Ganti, Musholla",
1146,24-10-2024,10:00:00,Diaz_Sport_Center,"Lapangan Futsal,Lapangan Badminton, Lapangan Basket",180000,Kota_Banda_Aceh,"<iframe src=""https://www.google.com/maps/dir//Jl.+Seulanga+No.19,+Beurawe,+Kec.+Kuta+Alam,+Kota+Banda+Aceh,+Aceh/@5.5618934,95.2545749,12z/data=!4m8!4m7!1m0!1m5!1m1!1s0x304037139a7f697d:0xf96b2328163ab4c6!2m2!1d95.3369737!2d5.5618993?entry=ttu""></iframe>","Lapangan Futsal, Lapangan Badminton, Parkir Mobil,Parkir Motor, Jual Minuman,Toilet",
1147,25-10-2024,11:00:00,Emmbasy_Sport_Center,"Lapangan Futsal,Lapangan Badminton, Lapangan Basket",200000,Kota_Banda_Aceh,"<iframe src=""https://www.google.com/maps/dir//Jln.+Tgk+lamgugob+no+7+(Depan+kantor+camat,+Lamgugob,+Kec.+Syiah+Kuala,+Kota+Banda+Aceh,+Aceh+24415/@5.567482,95.2731615,12z/data=!4m8!4m7!1m0!1m5!1m1!1s0x3040373ce855e7e9:0xd77cd0261d558ad1!2m2!1d95.3555635!2d5.5674877?entry=ttu""></iframe>","Lapangan Futsal, Lapangan Badminton, Parkir Mobil, Parkir Motor, Jual Minuman, Toilet",
1148,26-10-2024,12:00:00,Qais_Sport_Center,"Lapangan Futsal,Lapangan Badminton, Lapangan Basket",150000,Kota_Banda_Aceh,"<iframe src=""https://www.google.com/maps?cs=0&sca_esv=df45e2068b98e6eb&sca_upv=1&lqi=ChRGdXRzYWwgYW5kIGJhZG1pbnRvbkiU_MabiK6AgAhaHhAAEAEQAhgAIhRmdXRzYWwgYW5kIGJhZG1pbnRvbpIBDGZ1dHNhbF9maWVsZJoBJENoZERTVWhOTUc5blMwVkpRMEZuU1VScE5WbHVSMjVCUlJBQqoBPRABMh8QASIbd79TP299UHYX8US4sFOQrj7KhDsu37LDeOzVMhgQAiIUZnV0c2FsIGFuZCBiYWRtaW50b24&vet=12ahUKEwjS_8uW-bSGAxXn1zgGHcsXAmQQ8UF6BAgVEFY..i&lei=XTdYZpLdMOev4-EPy6-IoAY&um=1&ie=UTF-8&fb=1&gl=id&sa=X&geocode=KXdusy_mN0AwMT2lNBOJZEdL&daddr=Indomaret,+Jl.+Teuku+Nyak+Arief+Jl.+Akasia+Tim.,+Peurada,+Kec.+Syiah+Kuala,+Kota+Banda+Aceh,+Aceh+23116""></iframe>","Lapangan Futsal, Lapangan Badminton, Parkir Mobil, Parkir Motor, Jual Minuman, Toilet",
1149,27-10-2024,13:00:00,Zeans_Sport_Center,"Lapangan Futsal,Lapangan Badminton, Lapangan Basket",150000,Kota_Banda_Aceh,"<iframe src=""https://www.google.com/maps?cs=0&sca_esv=df45e2068b98e6eb&sca_upv=1&lqi=ChRGdXRzYWwgYW5kIGJhZG1pbnRvbkjIn-3y76qAgAhaHhAAEAEQAhgAIhRmdXRzYWwgYW5kIGJhZG1pbnRvbpIBDGZ1dHNhbF9maWVsZJoBJENoZERTVWhOTUc5blMwVkpRMEZuU1VSMWVsOXRhelozUlJBQqoBPRABMh8QASIbd79TP299UHYX8US4sFOQrj7KhDsu37LDeOzVMhgQAiIUZnV0c2FsIGFuZCBiYWRtaW50b24&vet=12ahUKEwjS_8uW-bSGAxXn1zgGHcsXAmQQ8UF6BAgVEFY..i&lei=XTdYZpLdMOev4-EPy6-IoAY&um=1&ie=UTF-8&fb=1&gl=id&sa=X&geocode=KeXS7dYJOkAwMYUdeRoMm2NL&daddr=Jl.+Kampus+Unida,+Bitai,+Kec.+Jaya+Baru,+Kota+Banda+Aceh,+Aceh+23232""></iframe>","Lapangan futsal, Lapangan Badminton, Parkir Mobil, Parkir Motor, Jual Minuman, Toilet",
1150,28-10-2024,14:00:00,Shamrock_Badminton_Club,"Lapangan Futsal,Lapangan Badminton, Lapangan Basket",30000,Kota_Medan,"<iframe src=""https://www.google.com/search?q=Shamrock+Badminton+Club&sca_esv=c305179642ddeb9a&sca_upv=1&biw=1536&bih=730&tbm=lcl&sxsrf=ADLYWILNzYxEK0RgimfDJipG559xjjeP3g%3A1717221490744&ei=crhaZvaILc6Z4-EPgqOtwAk&ved=0ahUKEwj2idPH3LmGAxXOzDgGHYJRC5gQ4dUDCAk&uact=5&oq=Shamrock+Badminton+Club&gs_lp=Eg1nd3Mtd2l6LWxvY2FsIhdTaGFtcm9jayBCYWRtaW50b24gQ2x1YjIFEAAYgAQyAhAmMggQABiABBiiBDIIEAAYgAQYogQyCBAAGIAEGKIESI92UM5vWM5vcAF4AJABAJgB2AGgAcMCqgEFMC4xLjG4AQPIAQD4AQL4AQGYAgOgAvkCwgIEECMYJ5gDAIgGAZIHBTEuMS4xoAf1Bw&sclient=gws-wiz-local#rlfi=hd:;si:3277785058426469756,l,ChdTaGFtcm9jayBCYWRtaW50b24gQ2x1Ykju_cjG4KuAgAhaLxAAEAEQAhgAGAEYAiIXc2hhbXJvY2sgYmFkbWludG9uIGNsdWIqCAgCEAAQARACkgEPYmFkbWludG9uX2NvdXJ0qgFAEAEyHxABIhsxqk-C_RlcirnpZZC7CJMFIZO0S6D8uoNK384yGxACIhdzaGFtcm9jayBiYWRtaW50b24gY2x1Yg;mv:[[3.5834010773190292,98.6828174298506],[3.58304112268097,98.6824567701494]]""></iframe>","Lapangan Badminton, Minuman, Toilet",
1151,29-10-2024,15:00:00,The_Arena_Basketball_PVJ,"Lapangan Futsal,Lapangan Badminton, Lapangan Basket",700000,Kota_Bandung,"<iframe src=""https://www.google.com/maps/embed?pb=!1m17!1m12!1m3!1d4848.515106389058!2d107.59440819255798!3d-6.88678175434761!2m3!1f0!2f0!3f0!3m2!1i1024!2i768!4f13.1!3m2!1m1!2zNsKwNTMnMTQuMSJTIDEwN8KwMzUnNDQuOCJF!5e0!3m2!1sid!2sid!4v1717204485102!5m2!1sid!2sid"" width=""600"" height=""450"" style=""border:0;"" allowfullscreen="""" loading=""lazy"" referrerpolicy=""no-referrer-when-downgrade""></iframe>","Lapangan Basket, Cafe & Resto, Jual Makanan Ringan, Jual Minuman, Parkir Mobil, Parkir Motor, Toilet, Tribun Penonton",
1152,30-10-2024,16:00:00,GRIT_Sports_Club_Baltos,"Lapangan Futsal,Lapangan Badminton, Lapangan Basket",80000,Kota_Bandung,"<iframe src=""https://www.google.com/maps/embed?pb=!1m17!1m12!1m3!1d3960.931327258529!2d107.6065325749963!3d-6.898816893100395!2m3!1f0!2f0!3f0!3m2!1i1024!2i768!4f13.1!3m2!1m1!2zNsKwNTMnNTUuNyJTIDEwN8KwMzYnMzIuOCJF!5e0!3m2!1sid!2sid!4v1717205149491!5m2!1sid!2sid"" width=""600"" height=""450"" style=""border:0;"" allowfullscreen="""" loading=""lazy"" referrerpolicy=""no-referrer-when-downgrade""></iframe>","Cafe & Resto, Jual Minuman, Musholla, Parkir Mobil, Parkir Motor, Toilet, Shower, Ruang Ganti",
1153,31-10-2024,17:00:00,The_Arena_Cibadak,"Lapangan Futsal,Lapangan Badminton, Lapangan Basket",550000,Kota_Bandung,"<iframe src=""https://www.google.com/maps/embed?pb=!1m17!1m12!1m3!1d3960.740729254797!2d107.59021367499646!3d-6.921566493078111!2m3!1f0!2f0!3f0!3m2!1i1024!2i768!4f13.1!3m2!1m1!2zNsKwNTUnMTcuNiJTIDEwN8KwMzUnMzQuMCJF!5e0!3m2!1sid!2sid!4v1717205652082!5m2!1sid!2sid"" width=""600"" height=""450"" style=""border:0;"" allowfullscreen="""" loading=""lazy"" referrerpolicy=""no-referrer-when-downgrade""></iframe>","Cafe & Resto, Jual Makanan Ringan, Jual Minuman, Parkir Motor, Parkir Mobil, Toilet, Tribun Penonton",
1154,1/11/2024,18:00:00,Siliwangi_Basketball_Court,"Lapangan Futsal,Lapangan Badminton, Lapangan Basket",250000,Kota_Bandung,"<iframe src=""https://www.google.com/maps/embed?pb=!1m17!1m12!1m3!1d3960.834867179916!2d107.6179648749963!3d-6.910339593089089!2m3!1f0!2f0!3f0!3m2!1i1024!2i768!4f13.1!3m2!1m1!2zNsKwNTQnMzcuMiJTIDEwN8KwMzcnMTMuOSJF!5e0!3m2!1sid!2sid!4v1717205986561!5m2!1sid!2sid"" width=""600"" height=""450"" style=""border:0;"" allowfullscreen="""" loading=""lazy"" referrerpolicy=""no-referrer-when-downgrade""></iframe>","Jual Minuman, Parkir Mobil, Parkir Motor, Ruang Ganti, Toilet, Musholla, Jual Makanan Ringan, Cafe & Resto",
1155,2/11/2024,20:00:00,RBL_(Raif_Basketball_Lab),"Lapangan Futsal,Lapangan Badminton, Lapangan Basket",100000,Kota_Bandung,"<iframe src=""https://www.google.com/maps/dir//Jl.+Seulanga+No.19,+Beurawe,+Kec.+Kuta+Alam,+Kota+Banda+Aceh,+Aceh/@5.5618934,95.2545749,12z/data=!4m8!4m7!1m0!1m5!1m1!1s0x304037139a7f697d:0xf96b2328163ab4c6!2m2!1d95.3369737!2d5.5618993?entry=ttu""></iframe>","Jual Makanan Ringan, Jual Minuman, Musholla, Parkir Mobil, Parkir Motor, Toilet, Cafe & Resto, Ruang Ganti, Toko Olahraga, Shower",
1156,3/11/2024,21:00:00,GOR_Garandiri,"Lapangan Futsal,Lapangan Badminton, Lapangan Basket",85000,Kota_Bandung,"<iframe src=""https://www.google.com/maps/embed?pb=!1m17!1m12!1m3!1d3960.560114970677!2d107.62860547499665!3d-6.943055993057025!2m3!1f0!2f0!3f0!3m2!1i1024!2i768!4f13.1!3m2!1m1!2zNsKwNTYnMzUuMCJTIDEwN8KwMzcnNTIuMyJF!5e0!3m2!1sid!2sid!4v1717206545442!5m2!1sid!2sid"" width=""600"" height=""450"" style=""border:0;"" allowfullscreen="""" loading=""lazy"" referrerpolicy=""no-referrer-when-downgrade""></iframe>","Hot Shower, Jual Makanan Ringan, Jual Minuman, Musholla, Parkir Mobil, Parkir Motor, Ruang Ganti, Shower, Toilet, Wi-fi, Tribun Penonton, P3k",
1157,4/11/2024,22:00:00,Permata_Tennis_Court,"Lapangan Futsal,Lapangan Badminton, Lapangan Basket",30000,Kabupaten_Bandung_Barat,"<iframe src=""https://www.google.com/maps/embed?pb=!1m17!1m12!1m3!1d3961.251856056676!2d107.51604757499601!3d-6.860389593138124!2m3!1f0!2f0!3f0!3m2!1i1024!2i768!4f13.1!3m2!1m1!2zNsKwNTEnMzcuNCJTIDEwN8KwMzEnMDcuMCJF!5e0!3m2!1sid!2sid!4v1717254876378!5m2!1sid!2sid"" width=""600"" height=""450"" style=""border:0;"" allowfullscreen="""" loading=""lazy"" referrerpolicy=""no-referrer-when-downgrade""></iframe>","Lapangan Tenis, Musholla, Parkir Mobil,Parkir Motor, Ruang Ganti, Toilet, Jual Makanan Ringan, Jual Minuman",
1158,5/11/2024,23:00:00,Merah_Delima_Futsal,"Lapangan Futsal,Lapangan Badminton, Lapangan Basket",120000,Kabupaten_Bandung,"<iframe src=""https://www.google.com/maps/embed?pb=!1m17!1m12!1m3!1d3961.697986464459!2d107.58474567499553!3d-6.806544893190968!2m3!1f0!2f0!3f0!3m2!1i1024!2i768!4f13.1!3m2!1m1!2zNsKwNDgnMjMuNiJTIDEwN8KwMzUnMTQuNCJF!5e0!3m2!1sid!2sid!4v1717207026341!5m2!1sid!2sid"" width=""600"" height=""450"" style=""border:0;"" allowfullscreen="""" loading=""lazy"" referrerpolicy=""no-referrer-when-downgrade""></iframe>","Jual Makanan Ringan, Jual Minuman, Parkir Motor, Parkir Mobil, Musholla, Ruang Ganti, Toilet, Tribun Penonton",
1159,6/11/2024,0:00:00,Sport_Hall_SCU_BSB,"Lapangan Futsal,Lapangan Badminton, Lapangan Basket",50000,Kota_Semarang,"<iframe src=""https://www.google.com/maps/embed?pb=!1m17!1m12!1m3!1d3959.687974070131!2d110.3208748749976!3d-7.0459055929562595!2m3!1f0!2f0!3f0!3m2!1i1024!2i768!4f13.1!3m2!1m1!2zN8KwMDInNDUuMyJTIDExMMKwMTknMjQuNCJF!5e0!3m2!1sid!2sid!4v1717207177180!5m2!1sid!2sid"" width=""600"" height=""450"" style=""border:0;"" allowfullscreen="""" loading=""lazy"" referrerpolicy=""no-referrer-when-downgrade""></iframe>","Lapangan Futsal, Lapangan Badminton, Cafe & Resto, Toilet, Ruang Ganti, Tribun Penonton, Parkir Motor, Parkir Mobil, Jual Minuman, Shower",
1160,7/11/2024,8:00:00,Lapangan_Tennis_Pln_Pusmanpro,"Lapangan Futsal,Lapangan Badminton, Lapangan Basket",40000,Kota_Semarang,"<iframe src=""https://www.google.com/maps/embed?pb=!1m17!1m12!1m3!1d3960.0108649954705!2d110.40777867499725!3d-7.008002892993375!2m3!1f0!2f0!3f0!3m2!1i1024!2i768!4f13.1!3m2!1m1!2zN8KwMDAnMjguOCJTIDExMMKwMjQnMzcuMyJF!5e0!3m2!1sid!2sid!4v1717207463803!5m2!1sid!2sid"" width=""600"" height=""450"" style=""border:0;"" allowfullscreen="""" loading=""lazy"" referrerpolicy=""no-referrer-when-downgrade""></iframe>","Lapangan Tennis, Parkir Mobi, Parkir Motor, Musholla, Ruang Ganti, Toilet, Jual Makanan Ringan, Jual Minuman",
1161,8/11/2024,9:00:00,Victory_Arena_Banyumanik,"Lapangan Futsal,Lapangan Badminton, Lapangan Basket",50000,Kota_Semarang,"<iframe src=""https://www.google.com/maps/embed?pb=!1m17!1m12!1m3!1d3959.419277546555!2d110.41422037499804!3d-7.077292692925489!2m3!1f0!2f0!3f0!3m2!1i1024!2i768!4f13.1!3m2!1m1!2zN8KwMDQnMzguMyJTIDExMMKwMjUnMDAuNSJF!5e0!3m2!1sid!2sid!4v1717208971884!5m2!1sid!2sid"" width=""600"" height=""450"" style=""border:0;"" allowfullscreen="""" loading=""lazy"" referrerpolicy=""no-referrer-when-downgrade""></iframe>","Lapangan Basket, Parkir Mobil, Parkir Motor, Toilet, Tribun Penonton, Shower, Jual Minuman, Jual Makanan Ringan",
1162,9/11/2024,10:00:00,Brave_Arena,"Lapangan Futsal,Lapangan Badminton, Lapangan Basket",50000,Kota_Semarang,"<iframe src=""https://www.google.com/maps/embed?pb=!1m17!1m12!1m3!1d3959.580195996146!2d110.4295528749978!3d-7.05851209294392!2m3!1f0!2f0!3f0!3m2!1i1024!2i768!4f13.1!3m2!1m1!2zN8KwMDMnMzAuNiJTIDExMMKwMjUnNTUuNyJF!5e0!3m2!1sid!2sid!4v1717209180255!5m2!1sid!2sid"" width=""600"" height=""450"" style=""border:0;"" allowfullscreen="""" loading=""lazy"" referrerpolicy=""no-referrer-when-downgrade""></iframe>","Lapangan Basket, Parkir Mobil, Parkir Motor, Jual Makanan Ringan, Ruang Ganti, Toilet",
1163,10/11/2024,11:00:00,Mulawarman_Basketball_Stadium,"Lapangan Futsal,Lapangan Badminton, Lapangan Basket",65000,Kota_Semarang,"<iframe src=""https://www.google.com/maps/embed?pb=!1m17!1m12!1m3!1d3959.48806219711!2d110.43474937499789!3d-7.069270992933361!2m3!1f0!2f0!3f0!3m2!1i1024!2i768!4f13.1!3m2!1m1!2zN8KwMDQnMDkuNCJTIDExMMKwMjYnMTQuNCJF!5e0!3m2!1sid!2sid!4v1717209316997!5m2!1sid!2sid"" width=""600"" height=""450"" style=""border:0;"" allowfullscreen="""" loading=""lazy"" referrerpolicy=""no-referrer-when-downgrade""></iframe>","Lapangan Basket, Toilet, Ruang Ganti, Musholla, Jual Minuman, Tribun Penonton, Jual Makanan Ringan, Parkir Motor, Parkir Mobil",
1164,11/11/2024,12:00:00,Lapangan_Badminton_Bulusan_Square,"Lapangan Futsal,Lapangan Badminton, Lapangan Basket",35000,Kota_Semarang,"<iframe src=""https://www.google.com/maps/embed?pb=!1m17!1m12!1m3!1d3959.5612640881723!2d110.44330487499776!3d-7.060724192941746!2m3!1f0!2f0!3f0!3m2!1i1024!2i768!4f13.1!3m2!1m1!2zN8KwMDMnMzguNiJTIDExMMKwMjYnNDUuMiJF!5e0!3m2!1sid!2sid!4v1717209419971!5m2!1sid!2sid"" width=""600"" height=""450"" style=""border:0;"" allowfullscreen="""" loading=""lazy"" referrerpolicy=""no-referrer-when-downgrade""></iframe>","Lapangan Badminton, Jual Makanan Ringan, Jual Minuman, Musholla, Parkir Motor, Ruang Ganti, Toilet",
1165,12/11/2024,13:00:00,Smash_Kedungmundu,"Lapangan Futsal,Lapangan Badminton, Lapangan Basket",40000,Kota_Semarang,"<iframe src=""https://www.google.com/maps/embed?pb=!1m17!1m12!1m3!1d3959.8967236242615!2d110.45332597499741!3d-7.021424692980216!2m3!1f0!2f0!3f0!3m2!1i1024!2i768!4f13.1!3m2!1m1!2zN8KwMDEnMTcuMSJTIDExMMKwMjcnMjEuMiJF!5e0!3m2!1sid!2sid!4v1717210227263!5m2!1sid!2sid"" width=""600"" height=""450"" style=""border:0;"" allowfullscreen="""" loading=""lazy"" referrerpolicy=""no-referrer-when-downgrade""></iframe>","Lapangan Badminton, Cafe & Resto, Jual Makanan Ringan, Jual Minuman, Parkir Mobil, Parkir Motor, Ruang Ganti, Toilet, Tribun Penonton, Toko Olahraga, Shower, Musholla, Alat Gym Meja Pingpong",
1166,13-11-2024,14:00:00,ASBC_Sport_Center,"Lapangan Futsal,Lapangan Badminton, Lapangan Basket",140000,Kabupaten_Bogor,"<iframe src=""https://www.google.com/maps/embed?pb=!1m17!1m12!1m3!1d3965.0596059478457!2d106.93961977499178!3d-6.3863093936041215!2m3!1f0!2f0!3f0!3m2!1i1024!2i768!4f13.1!3m2!1m1!2zNsKwMjMnMTAuNyJTIDEwNsKwNTYnMzEuOSJF!5e0!3m2!1sid!2sid!4v1717210428537!5m2!1sid!2sid"" width=""600"" height=""450"" style=""border:0;"" allowfullscreen="""" loading=""lazy"" referrerpolicy=""no-referrer-when-downgrade""></iframe>","Lapangan Badminton, Jual Minuman, Musholla, Parkir Mobil, Parkir Motor, Ruang Ganti, Toilet, Tribun Penonton",
1167,14-11-2024,15:00:00,GOR_Legenda_Badminton_Hall,"Lapangan Futsal,Lapangan Badminton, Lapangan Basket",60000,Kabupaten_Bogor,"<iframe src=""https://www.google.com/maps/embed?pb=!1m17!1m12!1m3!1d3964.964815743524!2d106.94536947499186!3d-6.39853559359206!2m3!1f0!2f0!3f0!3m2!1i1024!2i768!4f13.1!3m2!1m1!2zNsKwMjMnNTQuNyJTIDEwNsKwNTYnNTIuNiJF!5e0!3m2!1sid!2sid!4v1717210610226!5m2!1sid!2sid"" width=""600"" height=""450"" style=""border:0;"" allowfullscreen="""" loading=""lazy"" referrerpolicy=""no-referrer-when-downgrade""></iframe>","Lapangan Badminton, Jual Makanan Ringan, Jual Minuman, Musholla, Parkir Mobil, Parkir Motor, Toilet, Toko Olahraga",
1168,15-11-2024,16:00:00,Ginza_Sport,"Lapangan Futsal,Lapangan Badminton, Lapangan Basket",60000,Kabupaten_Bogor,"<iframe src=""https://www.google.com/maps/embed?pb=!1m17!1m12!1m3!1d3965.242543200684!2d106.94603097499163!3d-6.362647693627431!2m3!1f0!2f0!3f0!3m2!1i1024!2i768!4f13.1!3m2!1m1!2zNsKwMjEnNDUuNSJTIDEwNsKwNTYnNTUuMCJF!5e0!3m2!1sid!2sid!4v1717210855454!5m2!1sid!2sid"" width=""600"" height=""450"" style=""border:0;"" allowfullscreen="""" loading=""lazy"" referrerpolicy=""no-referrer-when-downgrade""></iframe>","Lapangan Badminton, Jual Makanan Ringan, Jual Minuman, Musholla, Parkir Mobil, Parkir Motor, Ruang Ganti, Shower, Toilet, Toko Olahraga, Wi-fi, Cafe & Resto",
1169,16-11-2024,17:00:00,ST_Badminton_Hall,"Lapangan Futsal,Lapangan Badminton, Lapangan Basket",40000,Kabupaten_Bogor,"<iframe src=""https://www.google.com/maps/embed?pb=!1m17!1m12!1m3!1d3965.0317354616927!2d106.68280057499175!3d-6.389906593600576!2m3!1f0!2f0!3f0!3m2!1i1024!2i768!4f13.1!3m2!1m1!2zNsKwMjMnMjMuNyJTIDEwNsKwNDEnMDcuNCJF!5e0!3m2!1sid!2sid!4v1717211079268!5m2!1sid!2sid"" width=""600"" height=""450"" style=""border:0;"" allowfullscreen="""" loading=""lazy"" referrerpolicy=""no-referrer-when-downgrade""></iframe>","Lapangan Badminton, Jual Makanan Ringan, Jual Minuman, Parkir Mobil, Parkir Motor, Toilet, Ruang Ganti,",
1170,17-11-2024,18:00:00,Asprosena_Badminton_Hall,"Lapangan Futsal,Lapangan Badminton, Lapangan Basket",40000,Kabupaten_Bogor,"<iframe src=""https://www.google.com/maps/embed?pb=!1m17!1m12!1m3!1d3964.6241265535414!2d106.7005246749922!3d-6.442287493548991!2m3!1f0!2f0!3f0!3m2!1i1024!2i768!4f13.1!3m2!1m1!2zNsKwMjYnMzIuMiJTIDEwNsKwNDInMTEuMiJF!5e0!3m2!1sid!2sid!4v1717211361985!5m2!1sid!2sid"" width=""600"" height=""450"" style=""border:0;"" allowfullscreen="""" loading=""lazy"" referrerpolicy=""no-referrer-when-downgrade""></iframe>","Lapangan Badminton, Cafe & Resto, Hot Shower, Jual Makanan Ringan, Jual Minuman, Musholla, Parkir Mobil, Parkir Motor, Ruang Ganti, Toilet, Toko Olahraga, Tribun Penonton, Shower, Wi-fi, Terima pasang senar digital, friendly staff & admin",
1171,18-11-2024,20:00:00,Donju_Futsal,"Lapangan Futsal,Lapangan Badminton, Lapangan Basket",25000,Kabupaten_Bogor,"<iframe src=""https://www.google.com/maps/embed?pb=!1m17!1m12!1m3!1d3964.640850420628!2d106.6923472749922!3d-6.4401466935511!2m3!1f0!2f0!3f0!3m2!1i1024!2i768!4f13.1!3m2!1m1!2zNsKwMjYnMjQuNSJTIDEwNsKwNDEnNDEuNyJF!5e0!3m2!1sid!2sid!4v1717211767167!5m2!1sid!2sid"" width=""600"" height=""450"" style=""border:0;"" allowfullscreen="""" loading=""lazy"" referrerpolicy=""no-referrer-when-downgrade""></iframe>","Lapangan Badminton, Cafe & Resto, Jual Makanan Ringan, Jual Minuman, Musholla, Parkir Mobil, Parkir Motor, Ruang Ganti, Toilet, Wi-fi",
1172,19-11-2024,21:00:00,Futsal_Semut_Geni,"Lapangan Futsal,Lapangan Badminton, Lapangan Basket",80000,Kabupaten_Bogor,"<iframe src=""https://www.google.com/maps/embed?pb=!1m17!1m12!1m3!1d3964.424490198254!2d106.75859547499253!3d-6.467788193523896!2m3!1f0!2f0!3f0!3m2!1i1024!2i768!4f13.1!3m2!1m1!2zNsKwMjgnMDQuMCJTIDEwNsKwNDUnNDAuMiJF!5e0!3m2!1sid!2sid!4v1717215874591!5m2!1sid!2sid"" width=""600"" height=""450"" style=""border:0;"" allowfullscreen="""" loading=""lazy"" referrerpolicy=""no-referrer-when-downgrade""></iframe>","Lapangan Futsal, Jual Makanan Ringan, Jual Minuman, Musholla, Parkir Mobil, Parkir Motor, Ruang Ganti, Toilet",
1173,20-11-2024,22:00:00,GOR_Tunas_Harapan,"Lapangan Futsal,Lapangan Badminton, Lapangan Basket",40000,Kabupaten_Bogor,"<iframe src=""https://www.google.com/maps/embed?pb=!1m17!1m12!1m3!1d3964.356023662131!2d106.77939067499247!3d-6.476510793515279!2m3!1f0!2f0!3f0!3m2!1i1024!2i768!4f13.1!3m2!1m1!2zNsKwMjgnMzUuNCJTIDEwNsKwNDYnNTUuMSJF!5e0!3m2!1sid!2sid!4v1717216035649!5m2!1sid!2sid"" width=""600"" height=""450"" style=""border:0;"" allowfullscreen="""" loading=""lazy"" referrerpolicy=""no-referrer-when-downgrade""></iframe>","Lapangan Badminton, Cafe & Resto, Jual Makanan Ringan, Jual minuman, Musholla, Parkir Mobil, Parkir Motor, Ruang Ganti, Toilet, Wi-fi",
1174,21-11-2024,23:00:00,GOR_Bulutangkis_Pelita,"Lapangan Futsal,Lapangan Badminton, Lapangan Basket",40000,Kabupaten_Bogor,"<iframe src=""https://www.google.com/maps/embed?pb=!1m17!1m12!1m3!1d3964.322181941749!2d106.75654967499251!3d-6.480817893511076!2m3!1f0!2f0!3f0!3m2!1i1024!2i768!4f13.1!3m2!1m1!2zNsKwMjgnNTAuOSJTIDEwNsKwNDUnMzIuOSJF!5e0!3m2!1sid!2sid!4v1717216156964!5m2!1sid!2sid"" width=""600"" height=""450"" style=""border:0;"" allowfullscreen="""" loading=""lazy"" referrerpolicy=""no-referrer-when-downgrade""></iframe>","Lapangan Badminton, Jual Minuman, Musholla, Parkir Motor, Parkir Mobil, Shower, Toilet, Toko Olahraga",
1175,22-11-2024,0:00:00,GOR_Vator_Pacific,"Lapangan Futsal,Lapangan Badminton, Lapangan Basket",50000,Kabupaten_Bogor,"<iframe src=""https://www.google.com/maps/embed?pb=!1m17!1m12!1m3!1d3964.121928736956!2d106.80217227499274!3d-6.5062463934860615!2m3!1f0!2f0!3f0!3m2!1i1024!2i768!4f13.1!3m2!1m1!2zNsKwMzAnMjIuNSJTIDEwNsKwNDgnMTcuMSJF!5e0!3m2!1sid!2sid!4v1717216458597!5m2!1sid!2sid"" width=""600"" height=""450"" style=""border:0;"" allowfullscreen="""" loading=""lazy"" referrerpolicy=""no-referrer-when-downgrade""></iframe>","Lapangan Badminton, Cafe & Resto, Jual Makanan Ringan, Jual Minuman, Musholla, Parkir Mobil, Parkir Motor, Ruang Ganti, Shower, Toilet, Toko Olahraga, Tribun Penonton, Wi-fi",
1176,23-11-2024,8:00:00,Hayoo_Badminton_Hall,"Lapangan Futsal,Lapangan Badminton, Lapangan Basket",55000,Kabupaten_Bogor,"<iframe src=""https://www.google.com/maps/embed?pb=!1m17!1m12!1m3!1d3963.6426835845273!2d106.84178347499333!3d-6.566703693426579!2m3!1f0!2f0!3f0!3m2!1i1024!2i768!4f13.1!3m2!1m1!2zNsKwMzQnMDAuMSJTIDEwNsKwNTAnMzkuNyJF!5e0!3m2!1sid!2sid!4v1717216933851!5m2!1sid!2sid"" width=""600"" height=""450"" style=""border:0;"" allowfullscreen="""" loading=""lazy"" referrerpolicy=""no-referrer-when-downgrade""></iframe>","Lapangan Badminton,Toilet, Ruang Ganti, Parkir Mobil, Perkir Motor, Musholla, Jual Minuman, Cafe & Resto, Jual Makanan Ringan",
1177,24-11-2024,9:00:00,Atsha_Badminton_Hall,"Lapangan Futsal,Lapangan Badminton, Lapangan Basket",30000,Kabupaten_Bogor,"<iframe src=""https://www.google.com/maps/embed?pb=!1m17!1m12!1m3!1d3963.8275054818605!2d106.68885567499319!3d-6.543454093449458!2m3!1f0!2f0!3f0!3m2!1i1024!2i768!4f13.1!3m2!1m1!2zNsKwMzInMzYuNCJTIDEwNsKwNDEnMjkuMiJF!5e0!3m2!1sid!2sid!4v1717217022710!5m2!1sid!2sid"" width=""600"" height=""450"" style=""border:0;"" allowfullscreen="""" loading=""lazy"" referrerpolicy=""no-referrer-when-downgrade""></iframe>","Lapangan Badminton, Parkir Mobil, Parkir Motor, Musholla, Jual Minuman, Jual Makanan Ringan, Ruang Ganti, Toilet, Shower, Wi-fi, Tribun Penonton,Toko Olahraga, Karaoke",
1178,25-11-2024,10:00:00,The_Bucketlist_Sentul,"Lapangan Futsal,Lapangan Badminton, Lapangan Basket",70000,Kabupaten_Bogor,"<iframe src=""https://www.google.com/maps/embed?pb=!1m17!1m12!1m3!1d3963.5047471030216!2d106.88020617499343!3d-6.584002093409557!2m3!1f0!2f0!3f0!3m2!1i1024!2i768!4f13.1!3m2!1m1!2zNsKwMzUnMDIuNCJTIDEwNsKwNTInNTguMCJF!5e0!3m2!1sid!2sid!4v1717217492944!5m2!1sid!2sid"" width=""600"" height=""450"" style=""border:0;"" allowfullscreen="""" loading=""lazy"" referrerpolicy=""no-referrer-when-downgrade""></iframe>","Lapangan Basket, Jual Minuman, Parkir Mobil, Parkir Motor, Toilet, Toko Olahraga, Tribun Penonton, Wi-fi, Sound System",
1179,26-11-2024,11:00:00,Futsal_KRR_Sport_Club,"Lapangan Futsal,Lapangan Badminton, Lapangan Basket",80000,Kabupaten_Bogor,"<iframe src=""https://www.google.com/maps/embed?pb=!1m17!1m12!1m3!1d3963.299515938568!2d106.77595977499367!3d-6.609656393384342!2m3!1f0!2f0!3f0!3m2!1i1024!2i768!4f13.1!3m2!1m1!2zNsKwMzYnMzQuOCJTIDEwNsKwNDYnNDIuNyJF!5e0!3m2!1sid!2sid!4v1717217664692!5m2!1sid!2sid"" width=""600"" height=""450"" style=""border:0;"" allowfullscreen="""" loading=""lazy"" referrerpolicy=""no-referrer-when-downgrade""></iframe>","Lapangan Futsal, Cafe & Resto, Jual makanan Ringan, Jual Muniman, Musholla, Parkir Mobil, Parkir Motor, Ruang Ganti, Toilet",
1180,27-11-2024,12:00:00,GOR_Hero_Family_Group,"Lapangan Futsal,Lapangan Badminton, Lapangan Basket",35000,Kabupaten_Bogor,"<iframe src=""https://www.google.com/maps/embed?pb=!1m17!1m12!1m3!1d3963.2901315290205!2d106.77519367499363!3d-6.6108270933831506!2m3!1f0!2f0!3f0!3m2!1i1024!2i768!4f13.1!3m2!1m1!2zNsKwMzYnMzkuMCJTIDEwNsKwNDYnNDAuMCJF!5e0!3m2!1sid!2sid!4v1717217890449!5m2!1sid!2sid"" width=""600"" height=""450"" style=""border:0;"" allowfullscreen="""" loading=""lazy"" referrerpolicy=""no-referrer-when-downgrade""></iframe>","Lapangan Futsal, Jual Makanan Ringan, Jual Minuman, Parkir Mobil, Parkir Motor, Toilet",
1181,28-11-2024,13:00:00,Soleman_Badminton_Hall,"Lapangan Futsal,Lapangan Badminton, Lapangan Basket",50000,Kabupaten_Bogor,"<iframe src=""https://www.google.com/maps/embed?pb=!1m17!1m12!1m3!1d3962.3101749509356!2d106.80497687499478!3d-6.731960593264165!2m3!1f0!2f0!3f0!3m2!1i1024!2i768!4f13.1!3m2!1m1!2zNsKwNDMnNTUuMSJTIDEwNsKwNDgnMjcuMiJF!5e0!3m2!1sid!2sid!4v1717218230467!5m2!1sid!2sid"" width=""600"" height=""450"" style=""border:0;"" allowfullscreen="""" loading=""lazy"" referrerpolicy=""no-referrer-when-downgrade""></iframe>","Lapangan Badminton, Cafe & Resto, Jual makanan Ringan, Jual Minuman, Musholla, Parkir Mobil, Parkir Motor Ruang Ganti, Toilet",
1182,29-11-2024,14:00:00,Fullbelly_Sports,"Lapangan Futsal,Lapangan Badminton, Lapangan Basket",65000,Kota_Bogor,"<iframe src=""https://www.google.com/maps/embed?pb=!1m17!1m12!1m3!1d3963.675759919794!2d106.81417987499323!3d-6.562548893430654!2m3!1f0!2f0!3f0!3m2!1i1024!2i768!4f13.1!3m2!1m1!2zNsKwMzMnNDUuMiJTIDEwNsKwNDknMDAuMyJF!5e0!3m2!1sid!2sid!4v1717218532988!5m2!1sid!2sid"" width=""600"" height=""450"" style=""border:0;"" allowfullscreen="""" loading=""lazy"" referrerpolicy=""no-referrer-when-downgrade""></iframe>","Lapangan Basket, Lapangan Badminton, Cafe & Resto, Hot Shower, Musholla, Ruang ganti, Shower, Toilet, Tribun Penonton, Jual Minuman, Parkir Mobil, Parkir Motor",
1183,30-11-2024,15:00:00,Heis_Futsal_Bogor,"Lapangan Futsal,Lapangan Badminton, Lapangan Basket",85000,Kota_Bogor,"<iframe src=""https://www.google.com/maps/embed?pb=!1m17!1m12!1m3!1d3963.70991775155!2d106.73350907499324!3d-6.558255493434889!2m3!1f0!2f0!3f0!3m2!1i1024!2i768!4f13.1!3m2!1m1!2zNsKwMzMnMjkuNyJTIDEwNsKwNDQnMDkuOSJF!5e0!3m2!1sid!2sid!4v1717218768894!5m2!1sid!2sid"" width=""600"" height=""450"" style=""border:0;"" allowfullscreen="""" loading=""lazy"" referrerpolicy=""no-referrer-when-downgrade""></iframe>","Lapangan Futsal, Jual Minuman, Musholla, Parkir Mobil, Parkir Motor, Ruang Ganti, Toilet, Tribun Penonton",
1184,1/12/2024,16:00:00,End_Sports_Center,"Lapangan Futsal,Lapangan Badminton, Lapangan Basket",100000,Kota_Bogor,"<iframe src=""https://www.google.com/maps/embed?pb=!1m17!1m12!1m3!1d3963.630536247513!2d106.75615737499328!3d-6.568228893425081!2m3!1f0!2f0!3f0!3m2!1i1024!2i768!4f13.1!3m2!1m1!2zNsKwMzQnMDUuNiJTIDEwNsKwNDUnMzEuNCJF!5e0!3m2!1sid!2sid!4v1717218951767!5m2!1sid!2sid"" width=""600"" height=""450"" style=""border:0;"" allowfullscreen="""" loading=""lazy"" referrerpolicy=""no-referrer-when-downgrade""></iframe>","Cafe & Resto, Jual Makanan Ringan, Jual Minuman, Musholla, Parkir Mobil, Parkir Motor, Ruang Ganti, Toilet, Wi-fi",
1185,2/12/2024,17:00:00,Lafutsal,"Lapangan Futsal,Lapangan Badminton, Lapangan Basket",100000,Kota_Bogor,"<iframe src=""https://www.google.com/maps/embed?pb=!1m17!1m12!1m3!1d3963.5102304954366!2d106.75588347499344!3d-6.583315293410246!2m3!1f0!2f0!3f0!3m2!1i1024!2i768!4f13.1!3m2!1m1!2zNsKwMzQnNTkuOSJTIDEwNsKwNDUnMzAuNSJF!5e0!3m2!1sid!2sid!4v1717219142987!5m2!1sid!2sid"" width=""600"" height=""450"" style=""border:0;"" allowfullscreen="""" loading=""lazy"" referrerpolicy=""no-referrer-when-downgrade""></iframe>","Jual Makanan Ringan, Jual Minuman, Musholla, Parkir Mobil, Parkir Motor, Ruang Ganti, Shower, Toilet, Tribun Penonton",
1186,3/12/2024,18:00:00,The_Bucketlist_Bogor,"Lapangan Futsal,Lapangan Badminton, Lapangan Basket",50000,Kota_Bogor,"<iframe src=""https://www.google.com/maps/embed?pb=!1m17!1m12!1m3!1d3963.4476470561117!2d106.81339277499352!3d-6.591149693402535!2m3!1f0!2f0!3f0!3m2!1i1024!2i768!4f13.1!3m2!1m1!2zNsKwMzUnMjguMSJTIDEwNsKwNDgnNTcuNSJF!5e0!3m2!1sid!2sid!4v1717219525732!5m2!1sid!2sid"" width=""600"" height=""450"" style=""border:0;"" allowfullscreen="""" loading=""lazy"" referrerpolicy=""no-referrer-when-downgrade""></iframe>","Lapangan Basket, Hot Shower, Jual Minuman, Musholla, Parkir Mobil, parkir Motor, Ruang Ganti, Shower, Toilet, Toko Olahraga, Tribun Penonton, Wi-fi, Jual Makanan Ringan, Gallery Basket, Sound System",
1187,4/12/2024,20:00:00,Victory_Badminton_Hall,"Lapangan Futsal,Lapangan Badminton, Lapangan Basket",30000,Kota_Bogor,"<iframe src=""https://www.google.com/maps/embed?pb=!1m17!1m12!1m3!1d3963.4777857301906!2d106.76040797499347!3d-6.587377993406253!2m3!1f0!2f0!3f0!3m2!1i1024!2i768!4f13.1!3m2!1m1!2zNsKwMzUnMTQuNiJTIDEwNsKwNDUnNDYuNyJF!5e0!3m2!1sid!2sid!4v1717219652031!5m2!1sid!2sid"" width=""600"" height=""450"" style=""border:0;"" allowfullscreen="""" loading=""lazy"" referrerpolicy=""no-referrer-when-downgrade""></iframe>","Musholla, Jual Minuman, Jual Makanan Ringan, Parkir Motor, Ruang Ganti, Toilet, Toko Olahraga, Parkir Mobil",
1188,5/12/2024,21:00:00,Nusantara_Gelora,"Lapangan Futsal,Lapangan Badminton, Lapangan Basket",50000,Kota_Medan,"<iframe src=""https://www.google.com/search?q=Nusantara+Gelora&sca_esv=c305179642ddeb9a&sca_upv=1&biw=1536&bih=730&tbm=lcl&sxsrf=ADLYWIJfw4MYgUyQxGs0-u9BQszvLwDgrw%3A1717222108282&ei=3LpaZvfXEPyz4-EPtb6kiAU&ved=0ahUKEwj3tY7u3rmGAxX82TgGHTUfCVEQ4dUDCAk&uact=5&oq=Nusantara+Gelora&gs_lp=Eg1nd3Mtd2l6LWxvY2FsIhBOdXNhbnRhcmEgR2Vsb3JhMgYQABgWGB4yBhAAGBYYHjIGEAAYFhgeMgYQABgWGB4yBhAAGBYYHjIGEAAYFhgeMgYQABgWGB4yBhAAGBYYHjIIEAAYgAQYogQyCBAAGKIEGIkFSPMUUKUNWKUNcAB4AJABAJgBkgGgAYICqgEDMC4yuAEDyAEA-AEC-AEBmAICoAKrAsICBBAjGCfCAgIQJpgDAIgGAZIHAzAuMqAHnwo&sclient=gws-wiz-local#rlfi=hd:;si:2758524388172938340,l,ChBOdXNhbnRhcmEgR2Vsb3JhSN_3gaqeqoCACFoaEAAQARgAGAEiEG51c2FudGFyYSBnZWxvcmGSAQ9iYWRtaW50b25fY291cnSqAU8QASoUIhBudXNhbnRhcmEgZ2Vsb3JhKCYyHxABIhsK80oGLrpxBjM4bEmtCHDU9yQOilQtfsW81CQyFBACIhBudXNhbnRhcmEgZ2Vsb3Jh;mv:[[3.5901075,98.6263409],[3.4894846,98.6048203]]""></iframe>","Lapangan Badminton,Parkir Mobil, Parkir Motor Minuman, Toilet",
1189,6/12/2024,22:00:00,Lapangan_Badminton_Forliva,"Lapangan Futsal,Lapangan Badminton, Lapangan Basket",50000,Kota_Bekasi,"<iframe src=""https://www.google.com/maps/embed?pb=!1m17!1m12!1m3!1d3965.9859198004756!2d106.94369207499072!3d-6.265581493723043!2m3!1f0!2f0!3f0!3m2!1i1024!2i768!4f13.1!3m2!1m1!2zNsKwMTUnNTYuMSJTIDEwNsKwNTYnNDYuNiJF!5e0!3m2!1sid!2sid!4v1717230037616!5m2!1sid!2sid"" width=""600"" height=""450"" style=""border:0;"" allowfullscreen="""" loading=""lazy"" referrerpolicy=""no-referrer-when-downgrade""></iframe>","Lapangan Badminton, Jual Makanan Ringan, Jual Minuman, Parkir Mobil, Parkir Motor, Ruang Ganti, Toilet, Tribun Penonton",
1190,7/12/2024,23:00:00,Futsal_Corner_Bekasi,"Lapangan Futsal,Lapangan Badminton, Lapangan Basket",65000,Kota_Bekasi,"<iframe src=""https://www.google.com/maps/embed?pb=!1m17!1m12!1m3!1d3966.4051809453504!2d106.97492567499023!3d-6.210170193777719!2m3!1f0!2f0!3f0!3m2!1i1024!2i768!4f13.1!3m2!1m1!2zNsKwMTInMzYuNiJTIDEwNsKwNTgnMzkuMCJF!5e0!3m2!1sid!2sid!4v1717230191731!5m2!1sid!2sid"" width=""600"" height=""450"" style=""border:0;"" allowfullscreen="""" loading=""lazy"" referrerpolicy=""no-referrer-when-downgrade""></iframe>","Lapangan Futsal, Hot Shower, Jual Makanan Ringan, Jual Minuman, Musholla, Parkir Mobil, Parkir Motor, Ruang Ganti, Shower, Toilet, Toko Olahraga",
1191,8/12/2024,0:00:00,Griya_Futsal_&_Tennis_Court,"Lapangan Futsal,Lapangan Badminton, Lapangan Basket",80000,Kota_Bekasi,"<iframe src=""https://www.google.com/maps/embed?pb=!1m17!1m12!1m3!1d3966.5999251264875!2d106.97868577499013!3d-6.184263793803249!2m3!1f0!2f0!3f0!3m2!1i1024!2i768!4f13.1!3m2!1m1!2zNsKwMTEnMDMuNCJTIDEwNsKwNTgnNTIuNSJF!5e0!3m2!1sid!2sid!4v1717230321552!5m2!1sid!2sid"" width=""600"" height=""450"" style=""border:0;"" allowfullscreen="""" loading=""lazy"" referrerpolicy=""no-referrer-when-downgrade""></iframe>","Lapangan Futsal, Cafe & Resto, Jual Minuman, Musholla, Parkir Mobil, Parkir Motor, Toilet",
1192,9/12/2024,8:00:00,Gor_Yogi,"Lapangan Futsal,Lapangan Badminton, Lapangan Basket",35000,Kota_Bekasi,"<iframe src=""https://www.google.com/maps/embed?pb=!1m17!1m12!1m3!1d3965.7218684543122!2d106.92762497499102!3d-6.300230493688888!2m3!1f0!2f0!3f0!3m2!1i1024!2i768!4f13.1!3m2!1m1!2zNsKwMTgnMDAuOCJTIDEwNsKwNTUnNDguNyJF!5e0!3m2!1sid!2sid!4v1717230486966!5m2!1sid!2sid"" width=""600"" height=""450"" style=""border:0;"" allowfullscreen="""" loading=""lazy"" referrerpolicy=""no-referrer-when-downgrade""></iframe>","Lapangan Badminton, Musholla, Parkir Mobil, Parkir Motor, Ruang Ganti, Toilet, Jual Minuman, Jual makanan Ringan",
1193,10/12/2024,9:00:00,GOR_Putra_Kabbul,"Lapangan Futsal,Lapangan Badminton, Lapangan Basket",40000,Kota_Bekasi,"<iframe src=""https://www.google.com/maps/embed?pb=!1m17!1m12!1m3!1d3965.7232034370854!2d106.92796587499107!3d-6.30005579368907!2m3!1f0!2f0!3f0!3m2!1i1024!2i768!4f13.1!3m2!1m1!2zNsKwMTgnMDAuMiJTIDEwNsKwNTUnNTAuMCJF!5e0!3m2!1sid!2sid!4v1717230593572!5m2!1sid!2sid"" width=""600"" height=""450"" style=""border:0;"" allowfullscreen="""" loading=""lazy"" referrerpolicy=""no-referrer-when-downgrade""></iframe>","Lapangan Badminton, Jual Makanan Ringan, Jual Minuman, Musolla, Parkir Mobil, Parkir Motor, Toilet",
1194,11/12/2024,10:00:00,Dian_Jaya_Badminton_Hall,"Lapangan Futsal,Lapangan Badminton, Lapangan Basket",70000,Kota_Bekasi,"<iframe src=""https://www.google.com/maps/embed?pb=!1m17!1m12!1m3!1d3966.15641381185!2d106.98398487499053!3d-6.243107393745211!2m3!1f0!2f0!3f0!3m2!1i1024!2i768!4f13.1!3m2!1m1!2zNsKwMTQnMzUuMiJTIDEwNsKwNTknMTEuNiJF!5e0!3m2!1sid!2sid!4v1717230854768!5m2!1sid!2sid"" width=""600"" height=""450"" style=""border:0;"" allowfullscreen="""" loading=""lazy"" referrerpolicy=""no-referrer-when-downgrade""></iframe>","Lapangan Badminton, Jual Makanan Ringan, Jual Minuman, Musholla, Parkir Mobil, Parkir Motor, Ruang Ganti, Toilet, Toko Olahraga",
1195,12/12/2024,11:00:00,Bendella_Basket,"Lapangan Futsal,Lapangan Badminton, Lapangan Basket",265000,Kota_Bekasi,"<iframe src=""https://www.google.com/maps/embed?pb=!1m17!1m12!1m3!1d3966.2995509703346!2d107.00545707499039!3d-6.224176993763895!2m3!1f0!2f0!3f0!3m2!1i1024!2i768!4f13.1!3m2!1m1!2zNsKwMTMnMjcuMCJTIDEwN8KwMDAnMjguOSJF!5e0!3m2!1sid!2sid!4v1717231366621!5m2!1sid!2sid"" width=""600"" height=""450"" style=""border:0;"" allowfullscreen="""" loading=""lazy"" referrerpolicy=""no-referrer-when-downgrade""></iframe>","Lapangan Basket, Cafe & Resto, Shower, Jual Makana Ringan, Jual Minuman, Musholla, Parkir Mobil, Parkir Motor, Ruang Ganti, Toilet, Tribun Penonton, Wi-fi",
1196,13-12-2024,12:00:00,Ra'lumbu_Futsal_Center,"Lapangan Futsal,Lapangan Badminton, Lapangan Basket",80000,Kota_Bekasi,"<iframe src=""https://www.google.com/maps/embed?pb=!1m17!1m12!1m3!1d3965.946672673329!2d107.00001477499087!3d-6.270743593717998!2m3!1f0!2f0!3f0!3m2!1i1024!2i768!4f13.1!3m2!1m1!2zNsKwMTYnMTQuNyJTIDEwN8KwMDAnMDkuMyJF!5e0!3m2!1sid!2sid!4v1717231892659!5m2!1sid!2sid"" width=""600"" height=""450"" style=""border:0;"" allowfullscreen="""" loading=""lazy"" referrerpolicy=""no-referrer-when-downgrade""></iframe>","Lapangan Futsal, Parkir Mobil, Parkir Motor, Jual Makanan Ringan, Jual Minuman, Musholla, Cafe & Resto, Ruang Ganti, Toilet, Tribun Penonton, Wi-fi",
1197,14-12-2024,13:00:00,Maspen_Sport_Center,"Lapangan Futsal,Lapangan Badminton, Lapangan Basket",45000,Kota_Bekasi,"<iframe src=""https://www.google.com/maps/embed?pb=!1m17!1m12!1m3!1d3965.538172427724!2d107.02250307499122!3d-6.324223693665304!2m3!1f0!2f0!3f0!3m2!1i1024!2i768!4f13.1!3m2!1m1!2zNsKwMTknMjcuMiJTIDEwN8KwMDEnMzAuMyJF!5e0!3m2!1sid!2sid!4v1717232077229!5m2!1sid!2sid"" width=""600"" height=""450"" style=""border:0;"" allowfullscreen="""" loading=""lazy"" referrerpolicy=""no-referrer-when-downgrade""></iframe>","Lapangan Badminton, Cafe & Resto, Jual Makanan Ringan, Jual minuman, Musholla, Parkir Mobil, Parkir Motor, Ruang Ganti, Toilet, Toko Olahraga, Tribun Penonton, Wi-fi, Shower",
1198,15-12-2024,14:00:00,Rawasi_Sport_Center,"Lapangan Futsal,Lapangan Badminton, Lapangan Basket",50000,Kota_Depok,"<iframe src=""https://www.google.com/maps/embed?pb=!1m17!1m12!1m3!1d3965.5017108729394!2d106.77957567499124!3d-6.328975293660571!2m3!1f0!2f0!3f0!3m2!1i1024!2i768!4f13.1!3m2!1m1!2zNsKwMTknNDQuMyJTIDEwNsKwNDYnNTUuNyJF!5e0!3m2!1sid!2sid!4v1717232482237!5m2!1sid!2sid"" width=""600"" height=""450"" style=""border:0;"" allowfullscreen="""" loading=""lazy"" referrerpolicy=""no-referrer-when-downgrade""></iframe>","Lapangan Badminton, Musholla, parkir Mobil, Parkir Motor, Ruang Ganti, Shower, Toilet, Tribun Penonton, Wi-fi, Cafe & Resto, Jual Minuman",
1199,16-12-2024,15:00:00,GOR_Badminton_Kukusan,"Lapangan Futsal,Lapangan Badminton, Lapangan Basket",55000,Kota_Depok,"<iframe src=""https://www.google.com/maps/embed?pb=!1m17!1m12!1m3!1d3965.183415054189!2d106.81409677499158!3d-6.370305093619841!2m3!1f0!2f0!3f0!3m2!1i1024!2i768!4f13.1!3m2!1m1!2zNsKwMjInMTMuMSJTIDEwNsKwNDknMDAuMCJF!5e0!3m2!1sid!2sid!4v1717232723744!5m2!1sid!2sid"" width=""600"" height=""450"" style=""border:0;"" allowfullscreen="""" loading=""lazy"" referrerpolicy=""no-referrer-when-downgrade""></iframe>","Lapangan Badminton, Cafe & Resto, Jual Makanan Ringan, Jual Minuman, Musholla, Parkir Mobil, Parkir Motor, Ruang Ganti, Toilet, Toko Olahraga, Tribun Penonton",
1200,17-12-2024,16:00:00,GOR_Sima,"Lapangan Futsal,Lapangan Badminton, Lapangan Basket",35000,Kota_Depok,"<iframe src=""https://www.google.com/maps/embed?pb=!1m17!1m12!1m3!1d3965.1549593121917!2d106.81600517499169!3d-6.373986993616259!2m3!1f0!2f0!3f0!3m2!1i1024!2i768!4f13.1!3m2!1m1!2zNsKwMjInMjYuNCJTIDEwNsKwNDknMDYuOSJF!5e0!3m2!1sid!2sid!4v1717232940485!5m2!1sid!2sid"" width=""600"" height=""450"" style=""border:0;"" allowfullscreen="""" loading=""lazy"" referrerpolicy=""no-referrer-when-downgrade""></iframe>","Lapangan Badminton, Jual Makanan Ringan, Jual Minuman, Musholla, Parkir Mobil, Parkir Motor, Ruang Ganti, Shower, Toilet, Toko Olahraga, Wi-fi",
1201,18-12-2024,17:00:00,GOR_Ibnu_Mandiri,"Lapangan Futsal,Lapangan Badminton, Lapangan Basket",45000,Kota_Depok,"<iframe src=""https://www.google.com/maps/embed?pb=!1m17!1m12!1m3!1d3965.1353347229256!2d106.83158407499174!3d-6.376524993613773!2m3!1f0!2f0!3f0!3m2!1i1024!2i768!4f13.1!3m2!1m1!2zNsKwMjInMzUuNSJTIDEwNsKwNTAnMDMuMCJF!5e0!3m2!1sid!2sid!4v1717233109986!5m2!1sid!2sid"" width=""600"" height=""450"" style=""border:0;"" allowfullscreen="""" loading=""lazy"" referrerpolicy=""no-referrer-when-downgrade""></iframe>","Lapangan Badminton, Cafe & Resto, Wi-fi, Toilet, Parkir Mobil, Parkir Motor, Musholla, Jual Minuman, Jual Makana Ringan",
1202,19-12-2024,18:00:00,3_Putra_Badminton_Sport_Center,"Lapangan Futsal,Lapangan Badminton, Lapangan Basket",75000,Kota_Depok,"<iframe src=""https://www.google.com/maps/embed?pb=!1m17!1m12!1m3!1d3965.117370401571!2d106.77579547499163!3d-6.378847393611461!2m3!1f0!2f0!3f0!3m2!1i1024!2i768!4f13.1!3m2!1m1!2zNsKwMjInNDMuOSJTIDEwNsKwNDYnNDIuMSJF!5e0!3m2!1sid!2sid!4v1717233306710!5m2!1sid!2sid"" width=""600"" height=""450"" style=""border:0;"" allowfullscreen="""" loading=""lazy"" referrerpolicy=""no-referrer-when-downgrade""></iframe>","Lapangan Minuman, Musholla, Parkir Mobil, Parkir Motor, Ruang Ganti, Shower, Toilet",
1203,20-12-2024,20:00:00,Cahaya_Futsal,"Lapangan Futsal,Lapangan Badminton, Lapangan Basket",125000,Kota_Depok,"<iframe src=""https://www.google.com/maps/embed?pb=!1m17!1m12!1m3!1d3965.0257621778424!2d106.81756187499178!3d-6.39067729359981!2m3!1f0!2f0!3f0!3m2!1i1024!2i768!4f13.1!3m2!1m1!2zNsKwMjMnMjYuNCJTIDEwNsKwNDknMTIuNSJF!5e0!3m2!1sid!2sid!4v1717233446312!5m2!1sid!2sid"" width=""600"" height=""450"" style=""border:0;"" allowfullscreen="""" loading=""lazy"" referrerpolicy=""no-referrer-when-downgrade""></iframe>","Lapangan Futsal, Musholla, Parkir Mobil, Parkir Motor, Toilet",
1204,21-12-2024,21:00:00,Heis_Futsal_Depok,"Lapangan Futsal,Lapangan Badminton, Lapangan Basket",80000,Kota_Depok,"<iframe src=""https://www.google.com/maps/embed?pb=!1m17!1m12!1m3!1d3964.9942787897357!2d106.78544067499176!3d-6.394737893595804!2m3!1f0!2f0!3f0!3m2!1i1024!2i768!4f13.1!3m2!1m1!2zNsKwMjMnNDEuMSJTIDEwNsKwNDcnMTYuOSJF!5e0!3m2!1sid!2sid!4v1717247426296!5m2!1sid!2sid"" width=""600"" height=""450"" style=""border:0;"" allowfullscreen="""" loading=""lazy"" referrerpolicy=""no-referrer-when-downgrade""></iframe>","Lapangan Futsal, Cafe & Resto, Jual Minuman, Jual Makanan Ringan, Musholla, Parkir Mobil, Parkir Motor, Ruang Ganti, Shower, Toilet, Tribun Penonton",
1205,22-12-2024,22:00:00,GOR_Al_Muhtadin,"Lapangan Futsal,Lapangan Badminton, Lapangan Basket",35000,Kota_Depok,"<iframe src=""https://www.google.com/maps/embed?pb=!1m17!1m12!1m3!1d3964.7713018537174!2d106.79394997499203!3d-6.4234233935675435!2m3!1f0!2f0!3f0!3m2!1i1024!2i768!4f13.1!3m2!1m1!2zNsKwMjUnMjQuMyJTIDEwNsKwNDcnNDcuNSJF!5e0!3m2!1sid!2sid!4v1717249091189!5m2!1sid!2sid"" width=""600"" height=""450"" style=""border:0;"" allowfullscreen="""" loading=""lazy"" referrerpolicy=""no-referrer-when-downgrade""></iframe>","Lapangan Badminton, Jual Makanan Ringan, Jual Minuman, Musholla, Parkir Mobil, Parkir Motor, Ruang Ganti, Shower, Toilet, Toko Olahraga, Tribun Penonton",
1206,23-12-2024,23:00:00,AFA_Badminton_Hall,"Lapangan Futsal,Lapangan Badminton, Lapangan Basket",35000,Kota_Depok,"<iframe src=""https://www.google.com/maps/embed?pb=!1m17!1m12!1m3!1d3964.732268081372!2d106.76330907499214!3d-6.428431893562624!2m3!1f0!2f0!3f0!3m2!1i1024!2i768!4f13.1!3m2!1m1!2zNsKwMjUnNDIuNCJTIDEwNsKwNDUnNTcuMiJF!5e0!3m2!1sid!2sid!4v1717247947755!5m2!1sid!2sid"" width=""600"" height=""450"" style=""border:0;"" allowfullscreen="""" loading=""lazy"" referrerpolicy=""no-referrer-when-downgrade""></iframe>","Jual Minuman, Jual Makanan Ringan, Musholla, Parkir Mobil, Parkir Motor, Ruang Ganti, Toilet, Shower",
1207,24-12-2024,0:00:00,GOR_Bulutangkis_Hafa_New99,"Lapangan Futsal,Lapangan Badminton, Lapangan Basket",45000,Kota_Depok,"<iframe src=""https://www.google.com/maps/embed?pb=!1m17!1m12!1m3!1d3964.63505300272!2d106.83350557499232!3d-6.440888893550377!2m3!1f0!2f0!3f0!3m2!1i1024!2i768!4f13.1!3m2!1m1!2zNsKwMjYnMjcuMiJTIDEwNsKwNTAnMDkuOSJF!5e0!3m2!1sid!2sid!4v1717248094725!5m2!1sid!2sid"" width=""600"" height=""450"" style=""border:0;"" allowfullscreen="""" loading=""lazy"" referrerpolicy=""no-referrer-when-downgrade""></iframe>","Jual Makanan, Jual Minuman, Musholla, Parkir Mobil, Parkir Motor, Shower, Toilet, Wi-fi, Kantin",
1208,25-12-2024,8:00:00,Sudarsono_Badminton_Hall,"Lapangan Futsal,Lapangan Badminton, Lapangan Basket",50000,Kota_Tangerang,"<iframe src=""https://www.google.com/maps/embed?pb=!1m17!1m12!1m3!1d3966.2571194118195!2d106.73182567499049!3d-6.229794693758375!2m3!1f0!2f0!3f0!3m2!1i1024!2i768!4f13.1!3m2!1m1!2zNsKwMTMnNDcuMyJTIDEwNsKwNDQnMDMuOCJF!5e0!3m2!1sid!2sid!4v1717248567318!5m2!1sid!2sid"" width=""600"" height=""450"" style=""border:0;"" allowfullscreen="""" loading=""lazy"" referrerpolicy=""no-referrer-when-downgrade""></iframe>","Cafe & Resto, Jual Makanan Ringan, Jual Minuman, Musholla, Parkir Monil, Parkir Motor, Shower, Toilet, Toko Olahraga",
1209,26-12-2024,9:00:00,GOR_Badminton_Cipondoh,"Lapangan Futsal,Lapangan Badminton, Lapangan Basket",45000,Kota_Tangerang,"<iframe src=""https://www.google.com/maps/embed?pb=!1m17!1m12!1m3!1d3966.5452178270516!2d106.66801627499005!3d-6.1915522937960645!2m3!1f0!2f0!3f0!3m2!1i1024!2i768!4f13.1!3m2!1m1!2zNsKwMTEnMjkuNiJTIDEwNsKwNDAnMTQuMSJF!5e0!3m2!1sid!2sid!4v1717249339664!5m2!1sid!2sid"" width=""600"" height=""450"" style=""border:0;"" allowfullscreen="""" loading=""lazy"" referrerpolicy=""no-referrer-when-downgrade""></iframe>","Lapangan Badminton, Cafe & Resto, Hot Shower, Jual Makanan Ringan, Jual Minuman, Parkir Mobil, Parkir Motor, Ruang Ganti, Toilet, Wi-fi",
1210,27-12-2024,10:00:00,Boss_Badminton_Hall,"Lapangan Futsal,Lapangan Badminton, Lapangan Basket",35000,Kota_Tangerang_Selatan,"<iframe src=""https://www.google.com/maps/embed?pb=!1m17!1m12!1m3!1d3965.619245108888!2d106.70860247499112!3d-6.313645693675696!2m3!1f0!2f0!3f0!3m2!1i1024!2i768!4f13.1!3m2!1m1!2zNsKwMTgnNDkuMSJTIDEwNsKwNDInNDAuMiJF!5e0!3m2!1sid!2sid!4v1717249520746!5m2!1sid!2sid"" width=""600"" height=""450"" style=""border:0;"" allowfullscreen="""" loading=""lazy"" referrerpolicy=""no-referrer-when-downgrade""></iframe>","Lapangan Badminton, Cafe & Restto, Jual Makanan, Jual Minuman, Musholla, Parkir Mobil, Parkir Motor, Ruang Ganti, Shower, Toilet, Tribun Penonton, Smoking Area",
1211,28-12-2024,11:00:00,Daihatsu_Yonex_Sunrise_Candra_Wijaya,"Lapangan Futsal,Lapangan Badminton, Lapangan Basket",150000,Kota_Tangerang_Selatan,"<iframe src=""https://www.google.com/maps/embed?pb=!1m17!1m12!1m3!1d3965.9365068608263!2d106.66710527499082!3d-6.272079993716655!2m3!1f0!2f0!3f0!3m2!1i1024!2i768!4f13.1!3m2!1m1!2zNsKwMTYnMTkuNSJTIDEwNsKwNDAnMTAuOSJF!5e0!3m2!1sid!2sid!4v1717249859297!5m2!1sid!2sid"" width=""600"" height=""450"" style=""border:0;"" allowfullscreen="""" loading=""lazy"" referrerpolicy=""no-referrer-when-downgrade""></iframe>","Lapangan Badminton, Cafe & Resto, Jual Minuman, Musholla, Parkir Mobil, Parkir Motor, Ruang Ganti, Shower, Toilet, Toko Olahraga, Tribun Penonton",
1212,29-12-2024,12:00:00,Bulu_Bulu_Badminton,"Lapangan Futsal,Lapangan Badminton, Lapangan Basket",70000,Kota_Tangerang_Selatan,"<iframe src=""https://www.google.com/maps/embed?pb=!1m17!1m12!1m3!1d3965.519552940407!2d106.69650237499131!3d-6.326650593662872!2m3!1f0!2f0!3f0!3m2!1i1024!2i768!4f13.1!3m2!1m1!2zNsKwMTknMzUuOSJTIDEwNsKwNDEnNTYuNyJF!5e0!3m2!1sid!2sid!4v1717250043890!5m2!1sid!2sid"" width=""600"" height=""450"" style=""border:0;"" allowfullscreen="""" loading=""lazy"" referrerpolicy=""no-referrer-when-downgrade""></iframe>","Lapangan Badminton, Cafe & Resto, Shower, Toilet, Jual Makanan Ringan, Jual Minuman, Musholla, Parkir Mobil, Parkir Motor, Ruang Ganti, Toko Olahraga",
1213,30-12-2024,13:00:00,Welco_Futsal,"Lapangan Futsal,Lapangan Badminton, Lapangan Basket",50000,Kota_Tangerang,"<iframe src=""https://www.google.com/maps/embed?pb=!1m17!1m12!1m3!1d3966.628661528387!2d106.61798807499005!3d-6.180431893807045!2m3!1f0!2f0!3f0!3m2!1i1024!2i768!4f13.1!3m2!1m1!2zNsKwMTAnNDkuNiJTIDEwNsKwMzcnMTQuMCJF!5e0!3m2!1sid!2sid!4v1717250357092!5m2!1sid!2sid"" width=""600"" height=""450"" style=""border:0;"" allowfullscreen="""" loading=""lazy"" referrerpolicy=""no-referrer-when-downgrade""></iframe>","Lapangan Futsal, Jual Makanan Ringan, Jual Minuman, Musholla, Parkir Mobil, Parkir Motor, Shower, Tribun Penonton, Sewa Sepatu",
1214,31-12-2024,14:00:00,GOR_Panca_Putra,"Lapangan Futsal,Lapangan Badminton, Lapangan Basket",70000,Kota_Tangerang_Selatan,"<iframe src=""https://www.google.com/maps/embed?pb=!1m17!1m12!1m3!1d3965.461567513725!2d106.68498697499133!3d-6.334202593655445!2m3!1f0!2f0!3f0!3m2!1i1024!2i768!4f13.1!3m2!1m1!2zNsKwMjAnMDMuMSJTIDEwNsKwNDEnMTUuMiJF!5e0!3m2!1sid!2sid!4v1717250442622!5m2!1sid!2sid"" width=""600"" height=""450"" style=""border:0;"" allowfullscreen="""" loading=""lazy"" referrerpolicy=""no-referrer-when-downgrade""></iframe>","Lapangan Badminton, Jual Makanan Ringan, Jual Minuman, Parkir Mobil, Parkir Motor, Toilet",
1215,1/1/2025,15:00:00,Rekket_Space_BSD,"Lapangan Futsal,Lapangan Badminton, Lapangan Basket",25000,Kota_Tangerang_Selatan,"<iframe src=""https://www.google.com/maps/embed?pb=!1m17!1m12!1m3!1d3965.3925372496046!2d106.68419097499138!3d-6.343181393646587!2m3!1f0!2f0!3f0!3m2!1i1024!2i768!4f13.1!3m2!1m1!2zNsKwMjAnMzUuNSJTIDEwNsKwNDEnMTIuNCJF!5e0!3m2!1sid!2sid!4v1717250788863!5m2!1sid!2sid"" width=""600"" height=""450"" style=""border:0;"" allowfullscreen="""" loading=""lazy"" referrerpolicy=""no-referrer-when-downgrade""></iframe>","Lapangan Badminton, Jual Makanan Ringan, Jual Minuman, Parkir Mobil, Parkir Motor, Ruang Ganti, Shower, Toilet, Tribun Penonton",
1216,2/1/2025,16:00:00,Benteng_Badminton_Hall,"Lapangan Futsal,Lapangan Badminton, Lapangan Basket",80000,Kabupaten_Tangerang,"<iframe src=""https://www.google.com/maps/embed?pb=!1m17!1m12!1m3!1d3965.5944777917944!2d106.60895567499114!3d-6.31687909367251!2m3!1f0!2f0!3f0!3m2!1i1024!2i768!4f13.1!3m2!1m1!2zNsKwMTknMDAuOCJTIDEwNsKwMzYnNDEuNSJF!5e0!3m2!1sid!2sid!4v1717251102712!5m2!1sid!2sid"" width=""600"" height=""450"" style=""border:0;"" allowfullscreen="""" loading=""lazy"" referrerpolicy=""no-referrer-when-downgrade""></iframe>","Lapangan Badminton, Jual Minuman, Musholla, Parkir Mobil, Parkir Motor, Ruang Ganti, Shower, Toilet, Toko Olahraga, Tribun Penonton",
1217,3/1/2025,17:00:00,GOR_PB_Sehat,"Lapangan Futsal,Lapangan Badminton, Lapangan Basket",35000,Kabupaten_Tangerang,"<iframe src=""https://www.google.com/maps/embed?pb=!1m17!1m12!1m3!1d3967.127129833534!2d106.56317277498937!3d-6.113582193872996!2m3!1f0!2f0!3f0!3m2!1i1024!2i768!4f13.1!3m2!1m1!2zNsKwMDYnNDguOSJTIDEwNsKwMzMnNTYuNyJF!5e0!3m2!1sid!2sid!4v1717251258226!5m2!1sid!2sid"" width=""600"" height=""450"" style=""border:0;"" allowfullscreen="""" loading=""lazy"" referrerpolicy=""no-referrer-when-downgrade""></iframe>","Lapangan Badminton, Jual Makanan Ringan, Jual Minuman, Musholla, Parkir Mobil, Parkir Motor, Ruang Ganti, Toilet, Tribun Penonton, Wi-fi",
1218,4/1/2025,18:00:00,Sol_Sports_Badminton_Tangerang,"Lapangan Futsal,Lapangan Badminton, Lapangan Basket",60000,Kabupaten_Tangerang,"<iframe src=""https://www.google.com/maps/embed?pb=!1m17!1m12!1m3!1d3966.0362458914274!2d106.5638436749907!3d-6.258955993729608!2m3!1f0!2f0!3f0!3m2!1i1024!2i768!4f13.1!3m2!1m1!2zNsKwMTUnMzIuMiJTIDEwNsKwMzMnNTkuMSJF!5e0!3m2!1sid!2sid!4v1717251530156!5m2!1sid!2sid"" width=""600"" height=""450"" style=""border:0;"" allowfullscreen="""" loading=""lazy"" referrerpolicy=""no-referrer-when-downgrade""></iframe>","Lapangan badminton, Cafe & Resto, Jual Minuman, Musholla, Parkir Mobil, Parkir Motor, Ruang Ganti, Shower, Toilet, Toko Olahraga, Tribun Penonton, Smoking Area",
1219,5/1/2025,20:00:00,IBC_Badminton_Hall,"Lapangan Futsal,Lapangan Badminton, Lapangan Basket",30000,Kota_Tangerang,"<iframe src=""https://www.google.com/maps/embed?pb=!1m17!1m12!1m3!1d3966.050647668736!2d106.4413078749907!3d-6.257058693731455!2m3!1f0!2f0!3f0!3m2!1i1024!2i768!4f13.1!3m2!1m1!2zNsKwMTUnMjUuNCJTIDEwNsKwMjYnMzguMCJF!5e0!3m2!1sid!2sid!4v1717251793060!5m2!1sid!2sid"" width=""600"" height=""450"" style=""border:0;"" allowfullscreen="""" loading=""lazy"" referrerpolicy=""no-referrer-when-downgrade""></iframe>","Lapangan Badminton, Jual Makanan, Jual Minuman, Musholla, Parkir Mobil, Parkir Motor, Ruang Ganti, Toilet, Wi-fi, Alat Gym",
1220,6/1/2025,21:00:00,GOR_Mahardika,"Lapangan Futsal,Lapangan Badminton, Lapangan Basket",90000,Kota_Pekanbaru,"<iframe src=""https://www.google.com/maps/embed?pb=!1m17!1m12!1m3!1d510688.7281851888!2d101.13178708249545!3d0.3206161785401048!2m3!1f0!2f0!3f0!3m2!1i1024!2i768!4f13.1!3m2!1m1!2zMMKwMjgnMzEuMCJOIDEwMcKwMzAnMDMuMiJF!5e0!3m2!1sid!2sid!4v1717252433975!5m2!1sid!2sid"" width=""600"" height=""450"" style=""border:0;"" allowfullscreen="""" loading=""lazy"" referrerpolicy=""no-referrer-when-downgrade""></iframe>","Lapangan Badminton, Cafe & Resto, Jual Makanan Ringan, Jual Minuman, Parkir Mobil, Parkir Motor, Musholla, Toilet, Toko Olahraga, Tribun Penonton, Ruang Ganti",
1221,7/1/2025,22:00:00,Sportivo_Futsal_Pekanbaru,"Lapangan Futsal,Lapangan Badminton, Lapangan Basket",100000,Kota_Pekanbaru,"<iframe src=""https://www.google.com/maps/embed?pb=!1m17!1m12!1m3!1d3989.6755892995584!2d101.45976047496467!3d0.48464259951061567!2m3!1f0!2f0!3f0!3m2!1i1024!2i768!4f13.1!3m2!1m1!2zMMKwMjknMDQuNyJOIDEwMcKwMjcnNDQuNCJF!5e0!3m2!1sid!2sid!4v1717252569057!5m2!1sid!2sid"" width=""600"" height=""450"" style=""border:0;"" allowfullscreen="""" loading=""lazy"" referrerpolicy=""no-referrer-when-downgrade""></iframe>","Lapangan Futsal, Jual Minuman, Jual Makanan Ringan, Parkir Motor, Parkir Mobil, Toilet, Kedai Kopi",
1222,8/1/2025,23:00:00,GOR_Beringin_Indah,"Lapangan Futsal,Lapangan Badminton, Lapangan Basket",30000,Kota_Pekanbaru,"<iframe src=""https://www.google.com/maps/embed?pb=!1m17!1m12!1m3!1d3989.692501769726!2d101.4211976749647!3d0.45502429954052037!2m3!1f0!2f0!3f0!3m2!1i1024!2i768!4f13.1!3m2!1m1!2zMMKwMjcnMTguMSJOIDEwMcKwMjUnMjUuNiJF!5e0!3m2!1sid!2sid!4v1717252671946!5m2!1sid!2sid"" width=""600"" height=""450"" style=""border:0;"" allowfullscreen="""" loading=""lazy"" referrerpolicy=""no-referrer-when-downgrade""></iframe>","Lapangan Badminton, Cafe & Resto, Jual Makanan Ringan, Jual Minuman, Parkir Mobil, Parkir Motor, Musholla, Shower, Toilet, Tribun Penonton",
1223,9/1/2025,0:00:00,Simpati_Futsal,"Lapangan Futsal,Lapangan Badminton, Lapangan Basket",80000,Kota_Pekanbaru,"<iframe src=""https://www.google.com/maps/embed?pb=!1m17!1m12!1m3!1d3989.66930818879!2d101.44445307496471!3d0.4951915994999646!2m3!1f0!2f0!3f0!3m2!1i1024!2i768!4f13.1!3m2!1m1!2zMMKwMjknNDIuNyJOIDEwMcKwMjYnNDkuMyJF!5e0!3m2!1sid!2sid!4v1717252794088!5m2!1sid!2sid"" width=""600"" height=""450"" style=""border:0;"" allowfullscreen="""" loading=""lazy"" referrerpolicy=""no-referrer-when-downgrade""></iframe>","Lapangan Futsal, Jual Makanan Ringan, Jual Minuman, Musholla, Parkir Mobil, Parkir Motor, Ruang Ganti, Toilet, Cafe & Resto, Tribun Penonton",
1224,10/1/2025,8:00:00,GOR_Badminton_Soekarno_Hatta,"Lapangan Futsal,Lapangan Badminton, Lapangan Basket",35000,Kota_Pekanbaru,"<iframe src=""https://www.google.com/maps/embed?pb=!1m17!1m12!1m3!1d3989.6829043403354!2d101.41489247496472!3d0.4720600995233176!2m3!1f0!2f0!3f0!3m2!1i1024!2i768!4f13.1!3m2!1m1!2zMMKwMjgnMTkuNCJOIDEwMcKwMjUnMDIuOSJF!5e0!3m2!1sid!2sid!4v1717253072543!5m2!1sid!2sid"" width=""600"" height=""450"" style=""border:0;"" allowfullscreen="""" loading=""lazy"" referrerpolicy=""no-referrer-when-downgrade""></iframe>","Lapangan Badminton, Cafe & Resto, Jual Makanan Ringan, Jual Minuman, Parkir Mobil, Parkir Motor, Toilet, Toko Olahraga, Tribun Penonton, Wi-fi",
1225,11/1/2025,9:00:00,GOR_Kualu_Jaya,"Lapangan Futsal,Lapangan Badminton, Lapangan Basket",35000,Kota_Pekanbaru,"<iframe src=""https://www.google.com/maps/embed?pb=!1m17!1m12!1m3!1d3989.6946275229166!2d101.38281057496462!3d0.4511639995444166!2m3!1f0!2f0!3f0!3m2!1i1024!2i768!4f13.1!3m2!1m1!2zMMKwMjcnMDQuMiJOIDEwMcKwMjMnMDcuNCJF!5e0!3m2!1sid!2sid!4v1717253195680!5m2!1sid!2sid"" width=""600"" height=""450"" style=""border:0;"" allowfullscreen="""" loading=""lazy"" referrerpolicy=""no-referrer-when-downgrade""></iframe>","Lapangan Badminton, Cafe & Resto, Hot Shower, Jual Makanan Ringan, Jual Minuman, Musholla, Parkir Mobil, Parkir Motor, Ruang Ganti, Toilet, Toko Olahraga, Wi-fi",
1226,12/1/2025,10:00:00,D5_Futsal,"Lapangan Futsal,Lapangan Badminton, Lapangan Basket",100000,Kota_Pekanbaru,"<iframe src=""https://www.google.com/maps/embed?pb=!1m17!1m12!1m3!1d3989.6765647395764!2d101.40295327496476!3d0.4829836995122899!2m3!1f0!2f0!3f0!3m2!1i1024!2i768!4f13.1!3m2!1m1!2zMMKwMjgnNTguNyJOIDEwMcKwMjQnMTkuOSJF!5e0!3m2!1sid!2sid!4v1717253339385!5m2!1sid!2sid"" width=""600"" height=""450"" style=""border:0;"" allowfullscreen="""" loading=""lazy"" referrerpolicy=""no-referrer-when-downgrade""></iframe>","Lapangan Futsal, Jual Makanan Ringan, Jual Minuman, Musholla, Parkir Mobil, Parkir Motor, Ruang Ganti, Toilet, Wi-fi",
1227,13-1-2025,11:00:00,GOR_MBC,"Lapangan Futsal,Lapangan Badminton, Lapangan Basket",50000,Kota_Pekanbaru,"<iframe src=""https://www.google.com/maps/embed?pb=!1m17!1m12!1m3!1d3989.6403019028494!2d101.41149517496483!3d0.5412465994534646!2m3!1f0!2f0!3f0!3m2!1i1024!2i768!4f13.1!3m2!1m1!2zMMKwMzInMjguNSJOIDEwMcKwMjQnNTAuNyJF!5e0!3m2!1sid!2sid!4v1717253455155!5m2!1sid!2sid"" width=""600"" height=""450"" style=""border:0;"" allowfullscreen="""" loading=""lazy"" referrerpolicy=""no-referrer-when-downgrade""></iframe>","Lapangan Badminton, Parkir Motor, Parkir Mobil, Jual Makanan Ringan, Jual Minuman, Musholla, Ruang Ganti, Toilet, Cafe & Resto, Wi-fi, Tribun Penonton",
1228,14-1-2025,12:00:00,GOR_Raden_Tegar,"Lapangan Futsal,Lapangan Badminton, Lapangan Basket",40000,Kota_Depok,"<iframe src=""https://www.google.com/maps/embed?pb=!1m17!1m12!1m3!1d3964.893784519522!2d106.78693737499196!3d-6.407682093583089!2m3!1f0!2f0!3f0!3m2!1i1024!2i768!4f13.1!3m2!1m1!2zNsKwMjQnMjcuNyJTIDEwNsKwNDcnMjIuMiJF!5e0!3m2!1sid!2sid!4v1717247532422!5m2!1sid!2sid"" width=""600"" height=""450"" style=""border:0;"" allowfullscreen="""" loading=""lazy"" referrerpolicy=""no-referrer-when-downgrade""></iframe>","Lapangan Badminton, Parkir Motor, Parkir Mobil, Musholla, Jual Minuman, Toko Olahraga, Toilet",
